"","ID","Description","GeneRatio","BgRatio","pvalue","p.adjust","qvalue","geneID","Count"
"GO:0102336","GO:0102336","3-oxo-arachidoyl-CoA synthase activity","2/33","23/21809",0.000550671734919585,0.0074340684214144,0.00391266759021811,"CER60/AtCER6",2
"GO:0102337","GO:0102337","3-oxo-cerotoyl-CoA synthase activity","2/33","23/21809",0.000550671734919585,0.0074340684214144,0.00391266759021811,"CER60/AtCER6",2
"GO:0102338","GO:0102338","3-oxo-lignoceronyl-CoA synthase activity","2/33","23/21809",0.000550671734919585,0.0074340684214144,0.00391266759021811,"CER60/AtCER6",2
"GO:0102756","GO:0102756","very-long-chain 3-ketoacyl-CoA synthase activity","2/33","23/21809",0.000550671734919585,0.0074340684214144,0.00391266759021811,"CER60/AtCER6",2
"GO:0005199","GO:0005199","structural constituent of cell wall","2/33","31/21809",0.00100447196015083,0.0096338145964788,0.00507042873498884,"AT-EXP10/ATGRP-5",2
"GO:0016762","GO:0016762","xyloglucan:xyloglucosyl transferase activity","2/33","32/21809",0.0010704238440532,0.0096338145964788,0.00507042873498884,"XET/MERI-5",2
"GO:0016829","GO:0016829","lyase activity","4/33","343/21809",0.00171612819537693,0.0132387032214792,0.00696773853762062,"ACS11/ATECI3/CER3/NA",4
"GO:0005319","GO:0005319","lipid transporter activity","2/33","70/21809",0.0050281507732838,0.0301689046397028,0.0158783708630015,"ATSFH3/ORP4C",2
"GO:0008289","GO:0008289","lipid binding","3/33","268/21809",0.00762576236405193,0.0411791167658805,0.0216732193504634,"GL2/FL7/ORP4C",3
