"","ID","Description","GeneRatio","BgRatio","pvalue","p.adjust","qvalue","geneID","Count"
"GO:0009651","GO:0009651","response to salt stress","10/73","483/21826",4.58003830349003e-06,0.00158772673465925,0.00129347278775432,"ESL1/ATOCT6/AtGolS2/ANAC042/BGLU26/BGLU25/IDL6/HHP1/FAR1/COR78",10
"GO:0009415","GO:0009415","response to water","9/73","407/21826",8.44535497159177e-06,0.00158772673465925,0.00129347278775432,"AtLEA14/ESL1/ATOCT6/AtGolS2/AtPUB23/GPDHC1/RS5/CYP707A3/COR78",9
"GO:0001101","GO:0001101","response to acid chemical","9/73","438/21826",1.51538945670752e-05,0.00189928811907342,0.0015472923926382,"AtLEA14/ESL1/ATOCT6/AtGolS2/AtPUB23/GPDHC1/RS5/CYP707A3/COR78",9
"GO:0009620","GO:0009620","response to fungus","8/73","374/21826",3.51190286557638e-05,0.0033011886936418,0.00268937824705981,"AtLEA14/LACS2/BGLU26/ATBFRUCT1/MO1/AtBBE19/NA/NA",8
"GO:1901568","GO:1901568","fatty acid derivative metabolic process","3/73","50/21826",0.00062847089895937,0.0337578654298176,0.0275015085108536,"KCS1/LACS2/FAR1",3
"GO:0009611","GO:0009611","response to wounding","5/73","222/21826",0.000891360870403593,0.0418939609089689,0.0341297385904534,"AtLEA14/ATBFRUCT1/FAR1/ATNRT3.1/COR78",5
