"","ID","Description","GeneRatio","BgRatio","pvalue","p.adjust","qvalue","geneID","Count"
"GO:0043047","GO:0043047","single-stranded telomeric DNA binding","2/26","12/21809",8.9540372558771e-05,0.00107448447070525,0.000471265118730374,"ATRPA70B/ATRPA70D",2
"GO:0098847","GO:0098847","sequence-specific single stranded DNA binding","2/26","12/21809",8.9540372558771e-05,0.00107448447070525,0.000471265118730374,"ATRPA70B/ATRPA70D",2
"GO:0003684","GO:0003684","damaged DNA binding","2/26","40/21809",0.00103670768166568,0.00622024608999407,0.00272817810964652,"ATRPA70B/ATRPA70D",2
"GO:0016538","GO:0016538","cyclin-dependent protein serine/threonine kinase regulator activity","2/26","53/21809",0.0018141683533467,0.00870800809606417,0.00381930179651937,"CYCA3;2/CYCA3;1",2
"GO:0046982","GO:0046982","protein heterodimerization activity","2/26","125/21809",0.00968044869595338,0.0237207279727898,0.0104038280582411,"H2A.Z/H2A.Z",2
"GO:0009008","GO:0009008","DNA-methyltransferase activity","1/26","10/21809",0.0118603639863949,0.0237207279727898,0.0104038280582411,"CMT1",1
"GO:0019206","GO:0019206","nucleoside kinase activity","1/26","10/21809",0.0118603639863949,0.0237207279727898,0.0104038280582411,"AtTK1a",1
"GO:0047429","GO:0047429","nucleoside-triphosphate diphosphatase activity","1/26","10/21809",0.0118603639863949,0.0237207279727898,0.0104038280582411,"DUT1",1
"GO:0003688","GO:0003688","DNA replication origin binding","1/26","19/21809",0.0224189508399152,0.0413888323198434,0.0181529966315103,"ATCDC6",1
