"","ID","Description","GeneRatio","BgRatio","pvalue","p.adjust","qvalue","geneID","Count"
"GO:0000322","GO:0000322","storage vacuole","2/89","12/25124",0.000800257570089954,0.0108034771962144,0.00968732848003629,"GAMMA-TIP/AQP1",2
"GO:0000326","GO:0000326","protein storage vacuole","2/89","12/25124",0.000800257570089954,0.0108034771962144,0.00968732848003629,"GAMMA-TIP/AQP1",2
