"","ID","Description","GeneRatio","BgRatio","pvalue","p.adjust","qvalue","geneID","Count"
"GO:0031012","GO:0031012","extracellular matrix","1/26","21/25052",0.021578478469095,0.151049349283665,0.136285127173232,"ATPSK5",1
"GO:0000790","GO:0000790","nuclear chromatin","1/26","150/25052",0.144630995643119,0.312406922507077,0.281870907525182,"BLH11",1
"GO:0000785","GO:0000785","chromatin","1/26","226/25052",0.210009762663425,0.312406922507077,0.281870907525182,"BLH11",1
"GO:0009505","GO:0009505","plant-type cell wall","1/26","235/25052",0.217425969449277,0.312406922507077,0.281870907525182,"ATEXP4",1
"GO:0000228","GO:0000228","nuclear chromosome","1/26","242/25052",0.223147801790769,0.312406922507077,0.281870907525182,"BLH11",1
"GO:0005694","GO:0005694","chromosome","1/26","415/25052",0.352431129779359,0.399266822415962,0.360240742029439,"BLH11",1
"GO:0005730","GO:0005730","nucleolus","1/26","486/25052",0.399266822415962,0.399266822415962,0.360240742029439,"TPPJ",1
