"","ID","Description","GeneRatio","BgRatio","pvalue","p.adjust","qvalue","geneID","Count"
"GO:0009299","GO:0009299","mRNA transcription","4/30","16/21826",5.21633461971936e-09,1.29886732031012e-06,9.33449353002412e-07,"LSH3/LSH2/LSH4/LSH1",4
"GO:0090698","GO:0090698","post-embryonic plant morphogenesis","5/30","201/21826",7.44686172753831e-06,0.00092713428507852,0.000666298154569218,"ATK1/LSH3/LSH2/LSH4/LSH1",5
"GO:0010073","GO:0010073","meristem maintenance","4/30","144/21826",4.35798793310053e-05,0.00283761773106516,0.00203929407855032,"KNAT6/BUM/LSH3/TFL-1",4
"GO:0009908","GO:0009908","flower development","6/30","488/21826",4.558422057936e-05,0.00283761773106516,0.00203929407855032,"BUM/ATK1/LSH3/atbzip14/TFL-1/SHI",6
