"","ID","Description","GeneRatio","BgRatio","pvalue","p.adjust","qvalue","geneID","Count"
"GO:0000790","GO:0000790","nuclear chromatin","4/30","150/25052",2.99745332928613e-05,0.000329719866221474,0.000220864982157925,"KNAT6/BUM/ATK1/BP",4
"GO:0000785","GO:0000785","chromatin","4/30","226/25052",0.000147004679965635,0.000700536860466253,0.000469259140982179,"KNAT6/BUM/ATK1/BP",4
