"","ID","Description","GeneRatio","BgRatio","pvalue","p.adjust","qvalue","geneID","Count"
"GO:0009055","GO:0009055","electron transfer activity","4/52","159/21809",0.000560884048031719,0.0104517926729067,0.00586767307952654,"AtENODL15/NA/NA/AtENODL13",4
"GO:0008574","GO:0008574","ATP-dependent microtubule motor activity, plus-end-directed","2/52","17/21809",0.000741150694747883,0.0104517926729067,0.00586767307952654,"NA/NA",2
"GO:0008092","GO:0008092","cytoskeletal protein binding","5/52","308/21809",0.000821000561223719,0.0104517926729067,0.00586767307952654,"NET3A/NA/CORD4/NA/MadA1",5
"GO:1990939","GO:1990939","ATP-dependent microtubule motor activity","2/52","19/21809",0.000929048237591703,0.0104517926729067,0.00586767307952654,"NA/NA",2
"GO:0008422","GO:0008422","beta-glucosidase activity","3/52","111/21809",0.00236539123442528,0.0212885211098276,0.0119514504476225,"NA/BGLC1/NA",3
"GO:0030247","GO:0030247","polysaccharide binding","2/52","64/21809",0.0102287393616259,0.0406887841056701,0.0228428261645867,"PDCB4/PDCB5",2
"GO:0015035","GO:0015035","protein disulfide oxidoreductase activity","2/52","66/21809",0.0108503424281787,0.0406887841056701,0.0228428261645867,"NA/NA",2
