"","ID","Description","GeneRatio","BgRatio","pvalue","p.adjust","qvalue","geneID","Count"
"GO:0031225","GO:0031225","anchored component of membrane","8/59","314/25052",7.09205054665997e-07,3.19142274599699e-05,1.49306327298105e-05,"PDCB4/AGP17/PDCB5/NA/AtENODL15/AtENODL13/NA/AGP7",8
"GO:0046658","GO:0046658","anchored component of plasma membrane","5/59","173/25052",5.48775013802373e-05,0.000661394021798712,0.000309424103765479,"PDCB5/NA/AtENODL15/AtENODL13/NA",5
"GO:0099081","GO:0099081","supramolecular polymer","5/59","184/25052",7.34882246443013e-05,0.000661394021798712,0.000309424103765479,"NET3A/NA/CORD4/AtAUR2/AtAUR1",5
"GO:0099512","GO:0099512","supramolecular fiber","5/59","184/25052",7.34882246443013e-05,0.000661394021798712,0.000309424103765479,"NET3A/NA/CORD4/AtAUR2/AtAUR1",5
"GO:0099513","GO:0099513","polymeric cytoskeletal fiber","5/59","184/25052",7.34882246443013e-05,0.000661394021798712,0.000309424103765479,"NET3A/NA/CORD4/AtAUR2/AtAUR1",5
"GO:0000780","GO:0000780","condensed nuclear chromosome, centromeric region","2/59","18/25052",0.000814268625094713,0.00333109892084201,0.00155840885185591,"AtAUR2/AtAUR1",2
