"","ID","Description","GeneRatio","BgRatio","pvalue","p.adjust","qvalue","geneID","Count"
"GO:0005089","GO:0005089","Rho guanyl-nucleotide exchange factor activity","2/65","16/21809",0.0010216855978679,0.0333222240749359,0.0292300211183648,"ATROPGEF2/ATROPGEF3",2
"GO:0001228","GO:0001228","DNA-binding transcription activator activity, RNA polymerase II-specific","3/65","69/21809",0.00115051978224921,0.0333222240749359,0.0292300211183648,"NA/bhlh68/DROP2",3
"GO:0001216","GO:0001216","DNA-binding transcription activator activity","3/65","74/21809",0.00140846881058775,0.0333222240749359,0.0292300211183648,"NA/bhlh68/DROP2",3
"GO:0005088","GO:0005088","Ras guanyl-nucleotide exchange factor activity","2/65","24/21809",0.00231404333853722,0.0333222240749359,0.0292300211183648,"ATROPGEF2/ATROPGEF3",2
"GO:0017048","GO:0017048","Rho GTPase binding","2/65","24/21809",0.00231404333853722,0.0333222240749359,0.0292300211183648,"ATROPGEF2/ATROPGEF3",2
