"","ID","Description","GeneRatio","BgRatio","pvalue","p.adjust","qvalue","geneID","Count"
"GO:0048046","GO:0048046","apoplast","7/44","298/25052",8.25600301472831e-07,3.05472111544947e-05,1.99882178251317e-05,"CRB/NA/ATCAT3/ATBCA1/ATNIT1/ATGER3/RBCS1B",7
"GO:0009534","GO:0009534","chloroplast thylakoid","6/44","411/25052",7.8323775671134e-05,0.00100540632960439,0.000657876118944551,"LHB1B1/NA/ATBCA1/ELIP/CCL/PORA",6
"GO:0031976","GO:0031976","plastid thylakoid","6/44","414/25052",8.15194321300856e-05,0.00100540632960439,0.000657876118944551,"LHB1B1/NA/ATBCA1/ELIP/CCL/PORA",6
"GO:0042651","GO:0042651","thylakoid membrane","5/44","361/25052",0.000413684967021959,0.00221437411063082,0.00144895034266028,"LHB1B1/NA/ATBCA1/ELIP/CCL",5
"GO:0034357","GO:0034357","photosynthetic membrane","5/44","362/25052",0.000418935642551777,0.00221437411063082,0.00144895034266028,"LHB1B1/NA/ATBCA1/ELIP/CCL",5
"GO:0031012","GO:0031012","extracellular matrix","2/44","21/25052",0.000619802921431814,0.00286658851162214,0.00187571936749102,"ATGER1/ATGER3",2
"GO:0010319","GO:0010319","stromule","2/44","34/25052",0.0016319258125889,0.00670902834064324,0.00438997587012218,"CRB/ATBCA1",2
"GO:0099503","GO:0099503","secretory vesicle","3/44","173/25052",0.00348195846820959,0.0128832463323755,0.00843000471250743,"NA/ATGER3/DIR1-like",3
"GO:0010287","GO:0010287","plastoglobule","2/44","67/25052",0.0061998819191342,0.0208541482734514,0.0136456731234533,"CRB/LHB1B1",2
