"","ID","Description","GeneRatio","BgRatio","pvalue","p.adjust","qvalue","geneID","Count"
"GO:0005992","GO:0005992","trehalose biosynthetic process","2/30","16/21826",0.000216556805647666,0.0173908776396191,0.0136081390007266,"ATTPPB/TPPH",2
"GO:0005991","GO:0005991","trehalose metabolic process","2/30","19/21826",0.000307803144064055,0.0173908776396191,0.0136081390007266,"ATTPPB/TPPH",2
"GO:0009312","GO:0009312","oligosaccharide biosynthetic process","2/30","38/21826",0.00124504444311768,0.0351725055180743,0.0275220350583907,"ATTPPB/TPPH",2
