"","ID","Description","GeneRatio","BgRatio","pvalue","p.adjust","qvalue","geneID","Count"
"GO:0031012","GO:0031012","extracellular matrix","1/51","21/25052",0.0419082772386241,0.335266217908993,0.308797832284599,"ATPSK3",1
"GO:0005887","GO:0005887","integral component of plasma membrane","1/51","97/25052",0.179671690113622,0.542593136574794,0.499756836318889,"AMT2",1
"GO:0016021","GO:0016021","integral component of membrane","2/51","418/25052",0.209097887364497,0.542593136574794,0.499756836318889,"AMT2/ABCB21",2
"GO:0099503","GO:0099503","secretory vesicle","1/51","173/25052",0.297959016164514,0.542593136574794,0.499756836318889,"NA",1
"GO:0031226","GO:0031226","intrinsic component of plasma membrane","1/51","271/25052",0.426074374250715,0.542593136574794,0.499756836318889,"AMT2",1
"GO:0005802","GO:0005802","trans-Golgi network","1/51","312/25052",0.472596772736357,0.542593136574794,0.499756836318889,"NA",1
"GO:0031225","GO:0031225","anchored component of membrane","1/51","314/25052",0.474768994502945,0.542593136574794,0.499756836318889,"AGP12",1
"GO:0098791","GO:0098791","Golgi apparatus subcompartment","1/51","390/25052",0.551119848326759,0.551119848326759,0.507610386616751,"NA",1
