"","ID","Description","GeneRatio","BgRatio","pvalue","p.adjust","qvalue","geneID","Count"
"GO:0019748","GO:0019748","secondary metabolic process","6/36","363/21826",2.59478392162053e-05,0.00495603729029521,0.00344150288551776,"ATGSTF3/AtKFB50/GH3.5/PRX52/Rap2.6L/ASFT",6
"GO:0043455","GO:0043455","regulation of secondary metabolic process","3/36","65/21826",0.000167784273218898,0.0160233980924047,0.0111267465397795,"AtKFB50/GH3.5/PRX52",3
"GO:2000762","GO:2000762","regulation of phenylpropanoid metabolic process","2/36","25/21826",0.000774808730508878,0.0493294891757319,0.0342547017698662,"AtKFB50/PRX52",2
