"","ID","Description","GeneRatio","BgRatio","pvalue","p.adjust","qvalue","geneID","Count"
"GO:0099503","GO:0099503","secretory vesicle","2/20","173/25052",0.00830174197203741,0.0499921959152481,0.00877056068688563,"AtTSA1/GGP1",2
"GO:0010168","GO:0010168","ER body","1/20","12/25052",0.00954020583929249,0.0499921959152481,0.00877056068688563,"ATBG1",1
"GO:0005777","GO:0005777","peroxisome","2/20","324/25052",0.0271746433934023,0.0499921959152481,0.00877056068688563,"ATBG1/AtTSA1",2
"GO:0042579","GO:0042579","microbody","2/20","324/25052",0.0271746433934023,0.0499921959152481,0.00877056068688563,"ATBG1/AtTSA1",2
"GO:0009535","GO:0009535","chloroplast thylakoid membrane","2/20","327/25052",0.027641642248792,0.0499921959152481,0.00877056068688563,"AtTSA1/ATLOX2",2
"GO:0055035","GO:0055035","plastid thylakoid membrane","2/20","333/25052",0.0285854697711925,0.0499921959152481,0.00877056068688563,"AtTSA1/ATLOX2",2
"GO:0042651","GO:0042651","thylakoid membrane","2/20","361/25052",0.0331596984150093,0.0499921959152481,0.00877056068688563,"AtTSA1/ATLOX2",2
"GO:0034357","GO:0034357","photosynthetic membrane","2/20","362/25052",0.0333281306101654,0.0499921959152481,0.00877056068688563,"AtTSA1/ATLOX2",2
