"","ID","Description","GeneRatio","BgRatio","pvalue","p.adjust","qvalue","geneID","Count"
"GO:0009055","GO:0009055","electron transfer activity","4/51","159/21809",0.000520671116602273,0.010055018417935,0.00564492262059507,"AtENODL15/NA/NA/AtENODL13",4
"GO:0008574","GO:0008574","ATP-dependent microtubule motor activity, plus-end-directed","2/51","17/21809",0.000712971472400906,0.010055018417935,0.00564492262059507,"NA/NA",2
"GO:0008092","GO:0008092","cytoskeletal protein binding","5/51","308/21809",0.000750624727354883,0.010055018417935,0.00564492262059507,"NET3A/NA/CORD4/NA/MadA1",5
"GO:1990939","GO:1990939","ATP-dependent microtubule motor activity","2/51","19/21809",0.000893779414927553,0.010055018417935,0.00564492262059507,"NA/NA",2
"GO:0008422","GO:0008422","beta-glucosidase activity","3/51","111/21809",0.00223714954277194,0.0201343458849474,0.0113034924266372,"NA/BGLC1/NA",3
"GO:0030247","GO:0030247","polysaccharide binding","2/51","64/21809",0.009853814823926,0.0391997236170934,0.0220068623815261,"PDCB4/PDCB5",2
"GO:0015035","GO:0015035","protein disulfide oxidoreductase activity","2/51","66/21809",0.0104532596312249,0.0391997236170934,0.0220068623815261,"NA/NA",2
