"","ID","Description","GeneRatio","BgRatio","pvalue","p.adjust","qvalue","geneID","Count"
"GO:0005381","GO:0005381","iron ion transmembrane transporter activity","2/21","23/21809",0.000220709601792237,0.00591840191053782,0.00432631718606566,"MEB1/MEB2",2
"GO:0005384","GO:0005384","manganese ion transmembrane transporter activity","2/21","28/21809",0.00032880010614099,0.00591840191053782,0.00432631718606566,"MEB1/MEB2",2
"GO:0005507","GO:0005507","copper ion binding","3/21","191/21809",0.000782915080773662,0.00939498096928394,0.00686767614713738,"BGLU23/JAL31/JAL34",3
