"","ID","Description","GeneRatio","BgRatio","pvalue","p.adjust","qvalue","geneID","Count"
"GO:0010168","GO:0010168","ER body","4/27","12/25052",5.26350187012268e-10,4.21080149609814e-09,1.6621584853019e-09,"BGLU23/NAI2/MEB1/MEB2",4
"GO:0009986","GO:0009986","cell surface","2/27","19/25052",0.000189127219474672,0.00075650887789869,0.000298621925486325,"ANN3/ANNAT2",2
