"","ID","Description","GeneRatio","BgRatio","pvalue","p.adjust","qvalue","geneID","Count"
"GO:0009505","GO:0009505","plant-type cell wall","5/51","235/25052",0.000115026532700077,0.00276063678480184,0.00193728897179076,"SCPL45/AT-EXP1/LCR69/NA/ATPDI11",5
"GO:0099503","GO:0099503","secretory vesicle","4/51","173/25052",0.000426136876355408,0.0051136425162649,0.00358852106404554,"AtCRT1b/NA/ATPDI11/AtHsp90-7",4
