"","ID","Description","GeneRatio","BgRatio","pvalue","p.adjust","qvalue","geneID","Count"
"GO:0016705","GO:0016705","oxidoreductase activity, acting on paired donors, with incorporation or reduction of molecular oxygen","6/48","392/21809",0.000210465943419908,0.00927374834947111,0.00664347469479656,"ATGA2OX2/CYP96A1/AtFAD3/CYP81D11/YUC/AtYUC4",6
"GO:0103075","GO:0103075","indole-3-pyruvate monooxygenase activity","2/48","11/21809",0.000257604120818642,0.00927374834947111,0.00664347469479656,"YUC/AtYUC4",2
"GO:0008810","GO:0008810","cellulase activity","2/48","28/21809",0.00172869039370953,0.0410260515769503,0.029390007708634,"ATCEL2/ATGH9B1",2
"GO:0005372","GO:0005372","water transmembrane transporter activity","2/48","36/21809",0.00284903135951044,0.0410260515769503,0.029390007708634,"GAMMA-TIP/PIP2;7",2
"GO:0015250","GO:0015250","water channel activity","2/48","36/21809",0.00284903135951044,0.0410260515769503,0.029390007708634,"GAMMA-TIP/PIP2;7",2
