"","ID","Description","GeneRatio","BgRatio","pvalue","p.adjust","qvalue","geneID","Count"
"GO:0006820","GO:0006820","anion transport","4/27","298/21826",0.0004664975380664,0.0326764636937155,0.0231974895255263,"AtNPF2.13/AtNIP5;1/AtLHT1/AtNPF2.11",4
"GO:0080167","GO:0080167","response to karrikin","3/27","127/21826",0.000508115866004537,0.0326764636937155,0.0231974895255263,"JAO2/AtLHT1/AtNPF2.11",3
"GO:0016998","GO:0016998","cell wall macromolecule catabolic process","2/27","33/21826",0.000759917760318966,0.0326764636937155,0.0231974895255263,"NA/NA",2
