"","ID","Description","GeneRatio","BgRatio","pvalue","p.adjust","qvalue","geneID","Count"
"GO:0009705","GO:0009705","plant-type vacuole membrane","1/26","129/25052",0.125667556031082,0.267496505894626,0.267496505894626,"AtSWEET17",1
"GO:0099503","GO:0099503","secretory vesicle","1/26","173/25052",0.164946617501199,0.267496505894626,0.267496505894626,"AT-BETA-AMY",1
"GO:0000325","GO:0000325","plant-type vacuole","1/26","177/25052",0.168432076273684,0.267496505894626,0.267496505894626,"AtSWEET17",1
"GO:0005789","GO:0005789","endoplasmic reticulum membrane","1/26","293/25052",0.263637952318055,0.267496505894626,0.267496505894626,"PILS3",1
"GO:0042175","GO:0042175","nuclear outer membrane-endoplasmic reticulum membrane network","1/26","298/25052",0.267496505894626,0.267496505894626,0.267496505894626,"PILS3",1
