"","ID","Description","GeneRatio","BgRatio","pvalue","p.adjust","qvalue","geneID","Count"
"GO:0005789","GO:0005789","endoplasmic reticulum membrane","25/422","293/25124",3.60956047909515e-11,4.36484472764332e-09,3.47327869931517e-09,"VAP27-2/ATUTR3/DPMS1/NA/NA/NA/OST1b/OST1a/ATUTR1/NA/ABX45/NA/DAD2/NA/NA/NA/NA/NA/NA/AtGET1/NA/DER1/NA/NA/NA",25
"GO:0042175","GO:0042175","nuclear outer membrane-endoplasmic reticulum membrane network","25/422","298/25124",5.19624372338491e-11,4.36484472764332e-09,3.47327869931517e-09,"VAP27-2/ATUTR3/DPMS1/NA/NA/NA/OST1b/OST1a/ATUTR1/NA/ABX45/NA/DAD2/NA/NA/NA/NA/NA/NA/AtGET1/NA/DER1/NA/NA/NA",25
"GO:0000137","GO:0000137","Golgi cis cisterna","6/422","41/25124",5.92455326225636e-05,0.00331774982686356,0.00264006408528617,"NA/ATVSR3/AT-P4H-2/MANIA/BUP/NA",6
"GO:0005768","GO:0005768","endosome","19/422","418/25124",9.61838451288413e-05,0.00403972149541134,0.00321456535035864,"ATRAB-A2B/AtSCAMP2/NA/ATFUT12/ATVSR3/NA/PRA1.B4/ATGPX3/AT-P4H-2/MANIA/VPS28-2/ATHSGBP/NA/BUP/ATSNX1/SNX2b/NA/ATRABA4C/NA",19
"GO:0000153","GO:0000153","cytoplasmic ubiquitin ligase complex","3/422","10/25124",0.000517172709003774,0.00965389056807045,0.00768198058988062,"NA/DER1/NA",3
"GO:0008250","GO:0008250","oligosaccharyltransferase complex","3/422","10/25124",0.000517172709003774,0.00965389056807045,0.00768198058988062,"OST1b/OST1a/DAD2",3
"GO:0000139","GO:0000139","Golgi membrane","7/422","105/25124",0.00199164777102156,0.0259802597916191,0.0206735149970904,"AtSCAMP2/ATUTR3/ATUTR1/MANIA/NA/ATHSGBP/UGNT1",7
"GO:0030119","GO:0030119","AP-type membrane coat adaptor complex","3/422","19/25124",0.00373271246810183,0.0418063796427405,0.033266981294662,"AP4E/AP4M/AP4B",3
