"","ID","Description","GeneRatio","BgRatio","pvalue","p.adjust","qvalue","geneID","Count"
"GO:0000322","GO:0000322","storage vacuole","2/92","12/25124",0.000854753022473085,0.0115391658033866,0.0107968802838705,"GAMMA-TIP/AQP1",2
"GO:0000326","GO:0000326","protein storage vacuole","2/92","12/25124",0.000854753022473085,0.0115391658033866,0.0107968802838705,"GAMMA-TIP/AQP1",2
