"","ID","Description","GeneRatio","BgRatio","pvalue","p.adjust","qvalue","geneID","Count"
"GO:0042389","GO:0042389","omega-3 fatty acid desaturase activity","2/44","12/21809",0.000259201057144465,0.0150439527968337,0.0118768048396055,"ADS1/NA",2
"GO:0102336","GO:0102336","3-oxo-arachidoyl-CoA synthase activity","2/44","23/21809",0.000979686585573855,0.0150439527968337,0.0118768048396055,"FDH/KCS19",2
"GO:0102337","GO:0102337","3-oxo-cerotoyl-CoA synthase activity","2/44","23/21809",0.000979686585573855,0.0150439527968337,0.0118768048396055,"FDH/KCS19",2
"GO:0102338","GO:0102338","3-oxo-lignoceronyl-CoA synthase activity","2/44","23/21809",0.000979686585573855,0.0150439527968337,0.0118768048396055,"FDH/KCS19",2
"GO:0102756","GO:0102756","very-long-chain 3-ketoacyl-CoA synthase activity","2/44","23/21809",0.000979686585573855,0.0150439527968337,0.0118768048396055,"FDH/KCS19",2
"GO:0016705","GO:0016705","oxidoreductase activity, acting on paired donors, with incorporation or reduction of molecular oxygen","5/44","392/21809",0.00111618791727849,0.0150439527968337,0.0118768048396055,"ADS1/NA/ATT1/CBB3/ATFLS1",5
"GO:0016717","GO:0016717","oxidoreductase activity, acting on paired donors, with oxidation of a pair of donors resulting in the reduction of molecular oxygen to two molecules of water","2/44","26/21809",0.00125366273306947,0.0150439527968337,0.0118768048396055,"ADS1/NA",2
