"","ID","Description","GeneRatio","BgRatio","pvalue","p.adjust","qvalue","geneID","Count"
"GO:0102336","GO:0102336","3-oxo-arachidoyl-CoA synthase activity","4/63","23/21809",5.37162547998555e-07,1.15489947819689e-05,9.04694817681778e-06,"KCS8/FDH/KCS19/KCS20",4
"GO:0102337","GO:0102337","3-oxo-cerotoyl-CoA synthase activity","4/63","23/21809",5.37162547998555e-07,1.15489947819689e-05,9.04694817681778e-06,"KCS8/FDH/KCS19/KCS20",4
"GO:0102338","GO:0102338","3-oxo-lignoceronyl-CoA synthase activity","4/63","23/21809",5.37162547998555e-07,1.15489947819689e-05,9.04694817681778e-06,"KCS8/FDH/KCS19/KCS20",4
"GO:0102756","GO:0102756","very-long-chain 3-ketoacyl-CoA synthase activity","4/63","23/21809",5.37162547998555e-07,1.15489947819689e-05,9.04694817681778e-06,"KCS8/FDH/KCS19/KCS20",4
"GO:0008289","GO:0008289","lipid binding","7/63","268/21809",1.20333373520059e-05,0.000206973402454501,0.000162133387479658,"HDG2/HDG12/LTPG1/ATHB-14/LTPG2/PDF2/ATML1",7
"GO:0016614","GO:0016614","oxidoreductase activity, acting on CH-OH group of donors","4/63","202/21809",0.00277778066632065,0.0398148562172626,0.0311891162534248,"EDA17/NA/NA/ATCAD9",4
