"","ID","Description","GeneRatio","BgRatio","pvalue","p.adjust","qvalue","geneID","Count"
"GO:0004568","GO:0004568","chitinase activity","3/28","23/21809",3.29910280090117e-06,0.000207843476456774,0.000111127673293513,"NA/NA/ChiC",3
"GO:0008509","GO:0008509","anion transmembrane transporter activity","5/28","336/21809",6.18726461706911e-05,0.00194898835437677,0.0010420656197169,"AtNPF2.13/ATPT2/AtNIP5;1/AtLHT1/AtNPF2.11",5
