"","ID","Description","GeneRatio","BgRatio","pvalue","p.adjust","qvalue","geneID","Count"
"GO:0009753","GO:0009753","response to jasmonic acid","6/38","205/21826",1.37112387285406e-06,0.000298905004282185,0.000202060360210072,"ATDHAR1/JAZ8/ILL6/JAZ7/JAZ13/ATWRKY51",6
"GO:0009867","GO:0009867","jasmonic acid mediated signaling pathway","4/38","107/21826",3.54429424294122e-05,0.00290666414965263,0.0019649105791954,"JAZ8/JAZ7/JAZ13/ATWRKY51",4
"GO:0071395","GO:0071395","cellular response to jasmonic acid stimulus","4/38","111/21826",4.09279634146922e-05,0.00290666414965263,0.0019649105791954,"JAZ8/JAZ7/JAZ13/ATWRKY51",4
"GO:2000022","GO:2000022","regulation of jasmonic acid mediated signaling pathway","3/38","42/21826",5.33332871495895e-05,0.00290666414965263,0.0019649105791954,"JAZ8/JAZ7/JAZ13",3
"GO:0009966","GO:0009966","regulation of signal transduction","5/38","333/21826",0.00026632818762366,0.00937779622194349,0.00633940835862911,"ATDHAR1/JAZ8/JAZ7/JAZ13/NA",5
"GO:0023051","GO:0023051","regulation of signaling","5/38","338/21826",0.000285256133320755,0.00937779622194349,0.00633940835862911,"ATDHAR1/JAZ8/JAZ7/JAZ13/NA",5
"GO:0010646","GO:0010646","regulation of cell communication","5/38","342/21826",0.000301121897034883,0.00937779622194349,0.00633940835862911,"ATDHAR1/JAZ8/JAZ7/JAZ13/NA",5
"GO:0009408","GO:0009408","response to heat","4/38","244/21826",0.000834522898824562,0.0227407489929693,0.0153727902415051,"ANN1/SAP3/ANNAT4/ANN3",4
"GO:0031347","GO:0031347","regulation of defense response","4/38","258/21826",0.00102657410219781,0.0248659060310135,0.0168094005038237,"JAZ8/ILL6/JAZ7/JAZ13",4
