"","ID","Description","GeneRatio","BgRatio","pvalue","p.adjust","qvalue","geneID","Count"
"GO:0009986","GO:0009986","cell surface","2/40","19/25052",0.000417819530659565,0.00376037577593609,0.00351848025818581,"ANNAT4/ANN3",2
"GO:0048046","GO:0048046","apoplast","2/40","298/25052",0.0818958100020111,0.36853114500905,0.344824463166363,"ATDHAR1/ANN1",2
"GO:0009705","GO:0009705","plant-type vacuole membrane","1/40","129/25052",0.186707970861708,0.406137089510269,0.380011311822474,"AtSWEET17",1
"GO:0099503","GO:0099503","secretory vesicle","1/40","173/25052",0.242248931848352,0.406137089510269,0.380011311822474,"AT-BETA-AMY",1
"GO:0000325","GO:0000325","plant-type vacuole","1/40","177/25052",0.247110677411445,0.406137089510269,0.380011311822474,"AtSWEET17",1
"GO:0005789","GO:0005789","endoplasmic reticulum membrane","1/40","293/25052",0.375593114091236,0.406137089510269,0.380011311822474,"PILS3",1
"GO:0042175","GO:0042175","nuclear outer membrane-endoplasmic reticulum membrane network","1/40","298/25052",0.380621125814104,0.406137089510269,0.380011311822474,"PILS3",1
"GO:0005777","GO:0005777","peroxisome","1/40","324/25052",0.406137089510269,0.406137089510269,0.380011311822474,"ATDHAR1",1
"GO:0042579","GO:0042579","microbody","1/40","324/25052",0.406137089510269,0.406137089510269,0.380011311822474,"ATDHAR1",1
