"","ID","Description","GeneRatio","BgRatio","pvalue","p.adjust","qvalue","geneID","Count"
"GO:0099503","GO:0099503","secretory vesicle","8/209","174/25124",0.000109122917208598,0.00622000628089011,0.00574331143203149,"NA/GAL1/NA/ATHCHIB/NAI2/ATEXLA1/AT-BETA-AMY/ML3",8
"GO:0000790","GO:0000790","nuclear chromatin","6/209","150/25124",0.00163474246312484,0.046590160199058,0.0430195385032853,"KNAT6/BUM/ATK1/BP/ATH1/BLH9",6
