"","ID","Description","GeneRatio","BgRatio","pvalue","p.adjust","qvalue","geneID","Count"
"GO:0000148","GO:0000148","1,3-beta-D-glucan synthase complex","1/18","12/25052",0.00858995364755188,0.0515397218853113,0.036168225884429,"ATGSL07",1
"GO:0098797","GO:0098797","plasma membrane protein complex","1/18","33/25052",0.0234549263339742,0.0703647790019225,0.0493787922820509,"ATGSL07",1
"GO:0120025","GO:0120025","plasma membrane bounded cell projection","1/18","102/25052",0.0708286799280603,0.122249304570967,0.0857889856638367,"VPNB1",1
"GO:0042995","GO:0042995","cell projection","1/18","118/25052",0.0814995363806449,0.122249304570967,0.0857889856638367,"VPNB1",1
"GO:0048046","GO:0048046","apoplast","1/18","298/25052",0.193839046883303,0.203170146916054,0.142575541695476,"CLE26",1
"GO:0031225","GO:0031225","anchored component of membrane","1/18","314/25052",0.203170146916054,0.203170146916054,0.142575541695476,"NA",1
