"","ID","Description","GeneRatio","BgRatio","pvalue","p.adjust","qvalue","geneID","Count"
"GO:0008378","GO:0008378","galactosyltransferase activity","3/80","38/21809",0.00036550126068597,0.0145601062649873,0.0121663394726426,"AtGolS2/AtSIP2/RS5",3
"GO:0003996","GO:0003996","acyl-CoA ligase activity","2/80","10/21809",0.000586666122666924,0.0145601062649873,0.0121663394726426,"LACS2/LACS3",2
"GO:0004467","GO:0004467","long-chain fatty acid-CoA ligase activity","2/80","10/21809",0.000586666122666924,0.0145601062649873,0.0121663394726426,"LACS2/LACS3",2
"GO:0004553","GO:0004553","hydrolase activity, hydrolyzing O-glycosyl compounds","7/80","393/21809",0.000600416753195351,0.0145601062649873,0.0121663394726426,"BGLU40/AtGH9B8/BGLU26/BGLU25/ATBFRUCT1/AtSIP2/NA",7
"GO:0015145","GO:0015145","monosaccharide transmembrane transporter activity","2/80","22/21809",0.00292680053609732,0.0405570931430629,0.0338892693653374,"ESL1/ATSTP1",2
