"","ID","Description","GeneRatio","BgRatio","pvalue","p.adjust","qvalue","geneID","Count"
"GO:0009620","GO:0009620","response to fungus","10/78","374/21826",8.6496644286522e-07,0.000218467761079253,0.000183254207484242,"AtLEA14/LACS2/At17.1/BGLU26/ATBFRUCT1/MO1/AtBBE19/NA/NA/AtDMR6",10
"GO:0009651","GO:0009651","response to salt stress","11/78","483/21826",1.13785292228778e-06,0.000218467761079253,0.000183254207484242,"ESL1/ATOCT6/AtGolS2/ANAC042/BGLU26/BGLU25/ATCML9/IDL6/HHP1/FAR1/COR78",11
"GO:0009415","GO:0009415","response to water","10/78","407/21826",1.85190716447667e-06,0.000237044117053014,0.000198836348185916,"AtLEA14/ESL1/ATOCT6/AtGolS2/AtPUB23/GPDHC1/ATCML9/RS5/CYP707A3/COR78",10
"GO:0001101","GO:0001101","response to acid chemical","10/78","438/21826",3.55971500357531e-06,0.00034173264034323,0.000286650734498433,"AtLEA14/ESL1/ATOCT6/AtGolS2/AtPUB23/GPDHC1/ATCML9/RS5/CYP707A3/COR78",10
"GO:1901568","GO:1901568","fatty acid derivative metabolic process","3/78","50/21826",0.000762567969941804,0.041832300065379,0.0350895938048409,"KCS1/LACS2/FAR1",3
