"","ID","Description","GeneRatio","BgRatio","pvalue","p.adjust","qvalue","geneID","Count"
"GO:0004364","GO:0004364","glutathione transferase activity","4/73","59/21809",4.57390724215842e-05,0.00123880366823574,0.00106110118125456,"ATGSTU26/ATGSTU13/ATGSTF5/ATGSTU27",4
"GO:0102336","GO:0102336","3-oxo-arachidoyl-CoA synthase activity","3/73","23/21809",6.0725670011556e-05,0.00123880366823574,0.00106110118125456,"KCS8/FDH/KCS16",3
"GO:0102337","GO:0102337","3-oxo-cerotoyl-CoA synthase activity","3/73","23/21809",6.0725670011556e-05,0.00123880366823574,0.00106110118125456,"KCS8/FDH/KCS16",3
"GO:0102338","GO:0102338","3-oxo-lignoceronyl-CoA synthase activity","3/73","23/21809",6.0725670011556e-05,0.00123880366823574,0.00106110118125456,"KCS8/FDH/KCS16",3
"GO:0102756","GO:0102756","very-long-chain 3-ketoacyl-CoA synthase activity","3/73","23/21809",6.0725670011556e-05,0.00123880366823574,0.00106110118125456,"KCS8/FDH/KCS16",3
"GO:0015020","GO:0015020","glucuronosyltransferase activity","2/73","21/21809",0.00222705816518771,0.0324514189784495,0.0277963650692601,"AtUGT85A2/ATUGT85A1",2
