"","ID","Description","GeneRatio","BgRatio","pvalue","p.adjust","qvalue","geneID","Count"
"GO:0048046","GO:0048046","apoplast","6/86","298/25052",0.000570687341489899,0.0124042100664444,0.0102873831492043,"GDSL1/ARPN/NA/NA/ATCAD9/ATSBT1.3",6
"GO:0010168","GO:0010168","ER body","2/86","12/25052",0.000751770307057236,0.0124042100664444,0.0102873831492043,"ERMO3/ML3",2
