"","ID","Description","GeneRatio","BgRatio","pvalue","p.adjust","qvalue","geneID","Count"
"GO:0010374","GO:0010374","stomatal complex development","9/49","66/21826",2.23803343374682e-14,5.03557522593035e-12,4.21692615411243e-12,"AtSDD1/EPF2/NA/AtRLP17/atEPF1/MUTE/SOL1/SPCH/BASL",9
"GO:0090558","GO:0090558","plant epidermis development","11/49","283/21826",2.7003795461233e-11,3.03792698938871e-09,2.54404178292669e-09,"AtSDD1/HDG2/EPF2/NA/AtRLP17/atEPF1/MUTE/SOL1/WVD2/SPCH/BASL",11
"GO:0010103","GO:0010103","stomatal complex morphogenesis","5/49","30/21826",6.3155255266262e-09,3.55248310872724e-07,2.97494491912129e-07,"AtSDD1/EPF2/NA/AtRLP17/atEPF1",5
"GO:0090698","GO:0090698","post-embryonic plant morphogenesis","6/49","201/21826",5.69275399585331e-06,0.000218757455702872,0.000183193378109072,"AtSDD1/EPF2/NA/AtRLP17/atEPF1/ATNEK5",6
"GO:0010375","GO:0010375","stomatal complex patterning","3/49","20/21826",1.18005623621634e-05,0.000331890816435845,0.000277934297740427,"AtRLP17/atEPF1/SOL1",3
"GO:0008356","GO:0008356","asymmetric cell division","3/49","27/21826",2.9944741580034e-05,0.00074861853950085,0.000626913303254513,"AtRLP17/NA/BASL",3
"GO:0010016","GO:0010016","shoot system morphogenesis","5/49","199/21826",8.2485226571768e-05,0.00185591759786478,0.00155419532172068,"AtSDD1/EPF2/NA/AtRLP17/atEPF1",5
"GO:0010090","GO:0010090","trichome morphogenesis","3/49","66/21826",0.00044051826295255,0.00901060083312034,0.00754571952808674,"HDG2/AtRLP17/WVD2",3
"GO:0010026","GO:0010026","trichome differentiation","3/49","88/21826",0.00102044410633084,0.0191333269937033,0.0160227627222123,"HDG2/AtRLP17/WVD2",3
