"","ID","Description","GeneRatio","BgRatio","pvalue","p.adjust","qvalue","geneID","Count"
"GO:0048046","GO:0048046","apoplast","3/39","298/25052",0.011101576519082,0.0231504927615424,0.0048737879497984,"ATGSTF10/NA/AtPRX71",3
"GO:0005777","GO:0005777","peroxisome","3/39","324/25052",0.0138902956569254,0.0231504927615424,0.0048737879497984,"ATSEH/ATGSTF10/EVR",3
"GO:0042579","GO:0042579","microbody","3/39","324/25052",0.0138902956569254,0.0231504927615424,0.0048737879497984,"ATSEH/ATGSTF10/EVR",3
"GO:0099503","GO:0099503","secretory vesicle","2/39","173/25052",0.0297273194570828,0.0371591493213535,0.00782297880449547,"AtXTH22/AtPRX71",2
"GO:0009505","GO:0009505","plant-type cell wall","2/39","235/25052",0.0517437665532608,0.0517437665532608,0.0108934245375286,"NA/AtPRX71",2
