"","ID","Description","GeneRatio","BgRatio","pvalue","p.adjust","qvalue","geneID","Count"
"GO:0098754","GO:0098754","detoxification","3/22","103/21826",0.000147251291196093,0.0138831108252687,0.00829052164666857,"ATGSTU26/NA/ATGSTF5",3
"GO:0009636","GO:0009636","response to toxic substance","3/22","126/21826",0.000266982900485937,0.0138831108252687,0.00829052164666857,"ATGSTU26/NA/ATGSTF5",3
"GO:0009407","GO:0009407","toxin catabolic process","2/22","46/21826",0.000977206626127168,0.032431990078253,0.0193672815244628,"ATGSTU26/ATGSTF5",2
"GO:0006081","GO:0006081","cellular aldehyde metabolic process","2/22","52/21826",0.00124738423377896,0.032431990078253,0.0193672815244628,"NA/ALDH3F1",2
"GO:0009404","GO:0009404","toxin metabolic process","2/22","61/21826",0.00171208214068,0.034678418482075,0.0207087721704699,"ATGSTU26/ATGSTF5",2
"GO:0009863","GO:0009863","salicylic acid mediated signaling pathway","2/22","66/21826",0.00200067798935048,0.034678418482075,0.0207087721704699,"MAT1/ATWRKY62",2
