"","ID","Description","GeneRatio","BgRatio","pvalue","p.adjust","qvalue","geneID","Count"
"GO:0010319","GO:0010319","stromule","1/29","34/25052",0.0386405559507835,0.0848646825067691,0.0535987468463805,"ATGSTF5",1
"GO:0048046","GO:0048046","apoplast","2/29","298/25052",0.0463740937491082,0.0848646825067691,0.0535987468463805,"NA/NA",2
"GO:0031225","GO:0031225","anchored component of membrane","2/29","314/25052",0.0509188095040614,0.0848646825067691,0.0535987468463805,"LTPG6/NA",2
"GO:0090575","GO:0090575","RNA polymerase II transcription regulator complex","1/29","85/25052",0.0939111028523065,0.117388878565383,0.0741403443570841,"NA",1
"GO:0005667","GO:0005667","transcription regulator complex","1/29","130/25052",0.140120828563766,0.140120828563766,0.0884973654086944,"NA",1
