"","ID","Description","GeneRatio","BgRatio","pvalue","p.adjust","qvalue","geneID","Count"
"GO:0000790","GO:0000790","nuclear chromatin","4/35","150/25052",5.59525545124111e-05,0.000783335763173755,0.000530076832222842,"KNAT6/BUM/ATK1/BP",4
"GO:0000785","GO:0000785","chromatin","4/35","226/25052",0.00027112359811684,0.00164022603729501,0.00110992739365828,"KNAT6/BUM/ATK1/BP",4
