"","ID","Description","GeneRatio","BgRatio","pvalue","p.adjust","qvalue","geneID","Count"
"GO:0015112","GO:0015112","nitrate transmembrane transporter activity","2/34","27/21809",0.000808040119596892,0.0347457251426663,0.0255170564083229,"AtNPF1.2/NRT1.12",2
"GO:0020037","GO:0020037","heme binding","4/34","370/21809",0.00252857993201096,0.0450243365304895,0.0330656082231257,"CYP86A4/CYP78A5/ATPCB/ROT3",4
"GO:0046906","GO:0046906","tetrapyrrole binding","4/34","393/21809",0.00314123278119694,0.0450243365304895,0.0330656082231257,"CYP86A4/CYP78A5/ATPCB/ROT3",4
