"","ID","Description","GeneRatio","BgRatio","pvalue","p.adjust","qvalue","geneID","Count"
"GO:0099503","GO:0099503","secretory vesicle","2/35","173/25052",0.0243011693651145,0.0729035080953435,0.0511603565581358,"ATHCHIB/ATPCB",2
"GO:0009505","GO:0009505","plant-type cell wall","1/35","235/25052",0.281142257584944,0.34237224132774,0.240261221984379,"ATPCB",1
"GO:0048046","GO:0048046","apoplast","1/35","298/25052",0.34237224132774,0.34237224132774,0.240261221984379,"ATPCB",1
