"p_val","avg_log2FC","pct.1","pct.2","p_val_adj","gene_ID"
0,0.328458206809338,0.774,0.443,0,"Chir02Ox-b11050.2"
0,0.355708222096204,0.812,0.485,0,"Chir07Ox-b23060.2"
0,0.53266234527036,0.89,0.563,0,"Chir01Ox-b14670.2"
