"","ID","Description","GeneRatio","BgRatio","pvalue","p.adjust","qvalue","geneID","Count"
"GO:0009505","GO:0009505","plant-type cell wall","5/52","235/25052",0.000126298269418976,0.0036626498131503,0.00279185648189315,"SCPL45/AT-EXP1/LCR69/NA/ATPDI11",5
"GO:0045298","GO:0045298","tubulin complex","2/52","13/25052",0.000324820802996296,0.00443873884125828,0.00338343069569597,"TOR2/TUB8",2
"GO:0099503","GO:0099503","secretory vesicle","4/52","173/25052",0.000459179880130167,0.00443873884125828,0.00338343069569597,"AtCRT1b/NA/ATPDI11/AtHsp90-7",4
