"","ID","Description","GeneRatio","BgRatio","pvalue","p.adjust","qvalue","geneID","Count"
"GO:0016705","GO:0016705","oxidoreductase activity, acting on paired donors, with incorporation or reduction of molecular oxygen","6/50","392/21809",0.000264433747289216,0.0106248883685963,0.00853522888335989,"ATGA2OX2/CYP96A1/AtFAD3/CYP81D11/YUC/AtYUC4",6
"GO:0103075","GO:0103075","indole-3-pyruvate monooxygenase activity","2/50","11/21809",0.000279602325489376,0.0106248883685963,0.00853522888335989,"YUC/AtYUC4",2
"GO:0008810","GO:0008810","cellulase activity","2/50","28/21809",0.001874371385158,0.039109955883906,0.0314179701006447,"ATCEL2/ATGH9B1",2
"GO:0005200","GO:0005200","structural constituent of cytoskeleton","2/50","31/21809",0.00229567969786489,0.039109955883906,0.0314179701006447,"TOR2/TUB8",2
"GO:0005372","GO:0005372","water transmembrane transporter activity","2/50","36/21809",0.00308762809609784,0.039109955883906,0.0314179701006447,"GAMMA-TIP/PIP2;7",2
"GO:0015250","GO:0015250","water channel activity","2/50","36/21809",0.00308762809609784,0.039109955883906,0.0314179701006447,"GAMMA-TIP/PIP2;7",2
