"","ID","Description","GeneRatio","BgRatio","pvalue","p.adjust","qvalue","geneID","Count"
"GO:0008236","GO:0008236","serine-type peptidase activity","7/127","190/21875",0.000124028879704965,0.0106044692147745,0.00985703201865776,"AIR3/NA/SCPL51/scpl20/SCPL34/NA/NA",7
"GO:0017171","GO:0017171","serine hydrolase activity","7/127","190/21875",0.000124028879704965,0.0106044692147745,0.00985703201865776,"AIR3/NA/SCPL51/scpl20/SCPL34/NA/NA",7
"GO:0004568","GO:0004568","chitinase activity","3/127","23/21875",0.000310881646902225,0.0177202538734268,0.0164712732218372,"NA/NA/ChiC",3
"GO:0008509","GO:0008509","anion transmembrane transporter activity","8/127","337/21875",0.000799904598412863,0.0290605038584177,0.0270122258086862,"AtNPF2.13/SEL1/ATPT2/AtNIP5;1/AtLHT1/ATNRT2.3/AtNPF2.11/AAP4",8
"GO:0015103","GO:0015103","inorganic anion transmembrane transporter activity","5/127","126/21875",0.000849722335041454,0.0290605038584177,0.0270122258086862,"AtNPF2.13/SEL1/ATPT2/AtNIP5;1/ATNRT2.3",5
"GO:0008238","GO:0008238","exopeptidase activity","4/127","85/21875",0.00152608209627149,0.0434933397437376,0.0404277888661396,"NA/SCPL51/scpl20/SCPL34",4
"GO:0022804","GO:0022804","active transmembrane transporter activity","9/127","477/21875",0.00189412655594317,0.0462708058666116,0.0430094902176569,"SEL1/AHA1/ABCG33/ATPT2/ABCA7/AtNIP5;1/ATSTP13/AtNPF2.11/AAP4",9
