"","ID","Description","GeneRatio","BgRatio","pvalue","p.adjust","qvalue","geneID","Count"
"GO:0010168","GO:0010168","ER body","1/30","12/25052",0.0142789555899016,0.0442535512947156,0.0266186774705056,"ML3",1
"GO:0099503","GO:0099503","secretory vesicle","2/30","173/25052",0.0181693887010297,0.0442535512947156,0.0266186774705056,"AT-BETA-AMY/ML3",2
"GO:0000325","GO:0000325","plant-type vacuole","2/30","177/25052",0.0189658076977352,0.0442535512947156,0.0266186774705056,"AtSWEET17/ML3",2
"GO:0009705","GO:0009705","plant-type vacuole membrane","1/30","129/25052",0.143557183802691,0.251225071654709,0.151112825055464,"AtSWEET17",1
"GO:0005789","GO:0005789","endoplasmic reticulum membrane","1/30","293/25052",0.297523836659964,0.301769761467556,0.181515645995522,"PILS3",1
"GO:0042175","GO:0042175","nuclear outer membrane-endoplasmic reticulum membrane network","1/30","298/25052",0.301769761467556,0.301769761467556,0.181515645995522,"PILS3",1
"GO:0048046","GO:0048046","apoplast","1/30","298/25052",0.301769761467556,0.301769761467556,0.181515645995522,"ANN1",1
