"","ID","Description","GeneRatio","BgRatio","pvalue","p.adjust","qvalue","geneID","Count"
"GO:0010168","GO:0010168","ER body","1/30","12/25052",0.0142789555899016,0.0442535512947156,0.0266186774705056,"ML3",1
"GO:0099503","GO:0099503","secretory vesicle","2/30","173/25052",0.0181693887010297,0.0442535512947156,0.0266186774705056,"AT-BETA-AMY/ML3",2
"GO:0000325","GO:0000325","plant-type vacuole","2/30","177/25052",0.0189658076977352,0.0442535512947156,0.0266186774705056,"AtSWEET17/ML3",2
