"","ID","Description","GeneRatio","BgRatio","pvalue","p.adjust","qvalue","geneID","Count"
"GO:0048366","GO:0048366","leaf development","5/27","399/21826",0.000115363882082839,0.0177660378407572,0.0131150518578386,"ORE15/ATHB13/PRS/AtGRF5/CRF4",5
"GO:0009739","GO:0009739","response to gibberellin","3/27","118/21826",0.000409847352047083,0.0315582461076254,0.0232965863268868,"ATEXP3/AtGRF5/GASA4",3
