"","ID","Description","GeneRatio","BgRatio","pvalue","p.adjust","qvalue","geneID","Count"
"GO:0004364","GO:0004364","glutathione transferase activity","3/35","59/21809",0.000115734344410528,0.00249302923737039,0.00163477327040682,"ATGSTU17/ATGSTU26/ATGSTF5",3
"GO:0004029","GO:0004029","aldehyde dehydrogenase (NAD+) activity","2/35","12/21809",0.000163477327040682,0.00249302923737039,0.00163477327040682,"ALDH1A/ALDH3F1",2
"GO:0004030","GO:0004030","aldehyde dehydrogenase [NAD(P)+] activity","2/35","12/21809",0.000163477327040682,0.00249302923737039,0.00163477327040682,"ALDH1A/ALDH3F1",2
"GO:0042389","GO:0042389","omega-3 fatty acid desaturase activity","2/35","12/21809",0.000163477327040682,0.00249302923737039,0.00163477327040682,"ADS1/NA",2
"GO:0004022","GO:0004022","alcohol dehydrogenase (NAD+) activity","2/35","18/21809",0.000376684627922223,0.0038296270505426,0.00251123085281482,"NA/NA",2
"GO:0018455","GO:0018455","alcohol dehydrogenase [NAD(P)+] activity","2/35","18/21809",0.000376684627922223,0.0038296270505426,0.00251123085281482,"NA/NA",2
"GO:0016717","GO:0016717","oxidoreductase activity, acting on paired donors, with oxidation of a pair of donors resulting in the reduction of molecular oxygen to two molecules of water","2/35","26/21809",0.000793723549814008,0.00691673379123636,0.00453556314179433,"ADS1/NA",2
