"","ID","Description","GeneRatio","BgRatio","pvalue","p.adjust","qvalue","geneID","Count"
"GO:0102336","GO:0102336","3-oxo-arachidoyl-CoA synthase activity","2/32","23/21809",0.000517629545493981,0.00711740625054224,0.00367789413903618,"CER60/AtCER6",2
"GO:0102337","GO:0102337","3-oxo-cerotoyl-CoA synthase activity","2/32","23/21809",0.000517629545493981,0.00711740625054224,0.00367789413903618,"CER60/AtCER6",2
"GO:0102338","GO:0102338","3-oxo-lignoceronyl-CoA synthase activity","2/32","23/21809",0.000517629545493981,0.00711740625054224,0.00367789413903618,"CER60/AtCER6",2
"GO:0102756","GO:0102756","very-long-chain 3-ketoacyl-CoA synthase activity","2/32","23/21809",0.000517629545493981,0.00711740625054224,0.00367789413903618,"CER60/AtCER6",2
"GO:0005199","GO:0005199","structural constituent of cell wall","2/32","31/21809",0.000944430235372665,0.0103887325890993,0.0053683402852762,"AT-EXP10/ATGRP-5",2
"GO:0016829","GO:0016829","lyase activity","4/32","343/21809",0.00152683288842595,0.0139959681439045,0.00723236631359659,"CER1/ATECI3/CER3/NA",4
"GO:0005319","GO:0005319","lipid transporter activity","2/32","70/21809",0.00473318655770616,0.0371893229534056,0.0192174491816641,"ATSFH3/ORP4C",2
"GO:0008289","GO:0008289","lipid binding","3/32","268/21809",0.006995167011099,0.0480917732013056,0.0248512512236412,"GL2/FL7/ORP4C",3
