"","ID","Description","GeneRatio","BgRatio","pvalue","p.adjust","qvalue","geneID","Count"
"GO:0061134","GO:0061134","peptidase regulator activity","6/433","33/21875",4.09010497840411e-05,0.0143562684741984,0.0131744434041227,"NA/PRN2/ATTI1/ATTI2/PA200/AtKPI-1",6
"GO:0004724","GO:0004724","magnesium-dependent protein serine/threonine phosphatase activity","5/433","31/21875",0.000329939969865902,0.0344385811341849,0.031603556236499,"PLL5/PAPP2C/PP2CG1/ATHPP2C5/NA",5
"GO:0005516","GO:0005516","calmodulin binding","11/433","169/21875",0.000567144795019654,0.0344385811341849,0.031603556236499,"LORE/NA/NA/AtWRKY15/PRN2/ATMYB2/ATBT2/RLK4/SD2-5/BT5/BT1",11
"GO:0004722","GO:0004722","protein serine/threonine phosphatase activity","9/433","120/21875",0.000647656244220725,0.0344385811341849,0.031603556236499,"PLL5/PAPP2C/PP2CG1/ATHPP2C5/NA/NA/ABI1/ABI2/HAI1",9
"GO:0015145","GO:0015145","monosaccharide transmembrane transporter activity","4/433","22/21875",0.000834629517576626,0.0344385811341849,0.031603556236499,"ESL1/ATPLT5/ATSTP4/ATSTP13",4
"GO:0061630","GO:0061630","ubiquitin protein ligase activity","13/433","236/21875",0.000902026439801917,0.0344385811341849,0.031603556236499,"RHA2A/NA/NA/NA/RHC2A/RGLG1/ATRMA1/AtSAP9/ATRMA3/NA/JUL1/NA/AtARRE",13
"GO:0061659","GO:0061659","ubiquitin-like protein ligase activity","13/433","237/21875",0.000937655414240188,0.0344385811341849,0.031603556236499,"RHA2A/NA/NA/NA/RHC2A/RGLG1/ATRMA1/AtSAP9/ATRMA3/NA/JUL1/NA/AtARRE",13
"GO:0004675","GO:0004675","transmembrane receptor protein serine/threonine kinase activity","6/433","59/21875",0.00107927177343599,0.0344385811341849,0.031603556236499,"LecRK-S.1/AP4.3A/ATHLECRK/LecRK-VII.2/LecRK-VI.2/LecRK-VI.3",6
