"","ID","Description","GeneRatio","BgRatio","pvalue","p.adjust","qvalue","geneID","Count"
"GO:0048046","GO:0048046","apoplast","3/41","298/25052",0.0127263047035249,0.0264988868286574,0.00557871301655944,"ATGSTF10/NA/AtPRX71",3
"GO:0005777","GO:0005777","peroxisome","3/41","324/25052",0.0158993320971944,0.0264988868286574,0.00557871301655944,"ATSEH/ATGSTF10/EVR",3
"GO:0042579","GO:0042579","microbody","3/41","324/25052",0.0158993320971944,0.0264988868286574,0.00557871301655944,"ATSEH/ATGSTF10/EVR",3
"GO:0099503","GO:0099503","secretory vesicle","2/41","173/25052",0.0326040657197176,0.040755082149647,0.00858001729466252,"AtXTH22/AtPRX71",2
