"","ID","Description","GeneRatio","BgRatio","pvalue","p.adjust","qvalue","geneID","Count"
"GO:0043047","GO:0043047","single-stranded telomeric DNA binding","2/25","12/21809",8.2677924976093e-05,0.000744101324784837,0.000217573486779192,"ATRPA70B/ATRPA70D",2
"GO:0098847","GO:0098847","sequence-specific single stranded DNA binding","2/25","12/21809",8.2677924976093e-05,0.000744101324784837,0.000217573486779192,"ATRPA70B/ATRPA70D",2
"GO:0003684","GO:0003684","damaged DNA binding","2/25","40/21809",0.000958071077066341,0.00431131984679854,0.00126061983824519,"ATRPA70B/ATRPA70D",2
"GO:0016538","GO:0016538","cyclin-dependent protein serine/threonine kinase regulator activity","2/25","53/21809",0.00167722222012813,0.00603799999246126,0.00176549707381908,"CYCA3;2/CYCA3;1",2
"GO:0046982","GO:0046982","protein heterodimerization activity","2/25","125/21809",0.0089691822602172,0.0179383645204344,0.00524513582468842,"H2A.Z/H2A.Z",2
"GO:0019206","GO:0019206","nucleoside kinase activity","1/25","10/21809",0.0114065476751922,0.0186652598321327,0.0054576783134891,"AtTK1a",1
"GO:0047429","GO:0047429","nucleoside-triphosphate diphosphatase activity","1/25","10/21809",0.0114065476751922,0.0186652598321327,0.0054576783134891,"DUT1",1
"GO:0003688","GO:0003688","DNA replication origin binding","1/25","19/21809",0.02156556053741,0.032348340806115,0.00945857918307456,"ATCDC6",1
