"p_val","avg_log2FC","pct.1","pct.2","p_val_adj","gene_ID"
0,0.373443322805326,0.726,0.376,0,"Chir08Ox-b22580.2"
0,0.292017428248488,0.726,0.418,0,"Chir04Ox-b12980.2"
0,1.1647357009162,0.781,0.477,0,"Chir02Ox-b14000.2"
0,0.935935892645068,0.797,0.489,0,"Chir07Ox-b35240.2"
0,0.705232190314389,0.838,0.527,0,"Chir02Ox-b11660.2"
0,0.82229210051677,0.872,0.57,0,"Chir05Ox-b28860.2"
0,1.05105251448961,0.898,0.571,0,"Chir01Ox-b14810.2"
0,0.892590082668978,0.899,0.573,0,"Chir05Ox-b12990.2"
