"","ID","Description","GeneRatio","BgRatio","pvalue","p.adjust","qvalue","geneID","Count"
"GO:0010089","GO:0010089","xylem development","5/29","42/21826",2.36691885261817e-09,4.30779231176508e-07,3.28877145837473e-07,"AHP6/ANAC037/AO1/ATHB-8/ACL5",5
"GO:0009832","GO:0009832","plant-type cell wall biogenesis","5/29","188/21826",4.51358277461637e-06,0.000246823071525316,0.000188436353044197,"ANAC037/AtMSR1/AO1/ATFLA11/AtFLA12",5
"GO:0009834","GO:0009834","plant-type secondary cell wall biogenesis","4/29","88/21826",5.42468289066628e-06,0.000246823071525316,0.000188436353044197,"ANAC037/AO1/ATFLA11/AtFLA12",4
"GO:0071669","GO:0071669","plant-type cell wall organization or biogenesis","5/29","303/21826",4.50709991211022e-05,0.00136715364000677,0.00104374945333079,"ANAC037/AtMSR1/AO1/ATFLA11/AtFLA12",5
"GO:0048759","GO:0048759","xylem vessel member cell differentiation","2/29","11/21826",9.30606534444714e-05,0.00241957698955626,0.0018472189856647,"ANAC037/ACL5",2
"GO:0006596","GO:0006596","polyamine biosynthetic process","2/29","14/21826",0.000153592675851481,0.0034942333756212,0.00266766226478889,"BUD2/ACL5",2
"GO:1905177","GO:1905177","tracheary element differentiation","2/29","17/21826",0.00022897810241606,0.00463044607108032,0.00353510052852865,"ANAC037/ACL5",2
"GO:0006595","GO:0006595","polyamine metabolic process","2/29","24/21826",0.000462017930408315,0.00840872633343132,0.00641961755935763,"BUD2/ACL5",2
"GO:0009308","GO:0009308","amine metabolic process","3/29","135/21826",0.000751672393660382,0.0124367614223809,0.00949480918307852,"AO1/BUD2/ACL5",3
