"","ID","Description","GeneRatio","BgRatio","pvalue","p.adjust","qvalue","geneID","Count"
"GO:0031012","GO:0031012","extracellular matrix","1/25","21/25052",0.0207568015934592,0.0415136031869183,0.0218492648352202,"ATPSK5",1
"GO:0005730","GO:0005730","nucleolus","1/25","486/25052",0.387370146473422,0.387370146473422,0.203879024459696,"TPPJ",1
