"","ID","Description","GeneRatio","BgRatio","pvalue","p.adjust","qvalue","geneID","Count"
"GO:0009505","GO:0009505","plant-type cell wall","1/21","235/25052",0.179629681136289,0.337385595407877,0.337385595407877,"ATEXP4",1
"GO:0005730","GO:0005730","nucleolus","1/21","486/25052",0.337385595407877,0.337385595407877,0.337385595407877,"TPPJ",1
