"","ID","Description","GeneRatio","BgRatio","pvalue","p.adjust","qvalue","geneID","Count"
"GO:0048046","GO:0048046","apoplast","2/22","298/25052",0.0278522215600405,0.139261107800202,0.117272511831749,"NA/AtPNP-A",2
"GO:0080008","GO:0080008","Cul4-RING E3 ubiquitin ligase complex","1/22","130/25052",0.108195109613264,0.23575685063739,0.198532084747276,"EFO1",1
"GO:0099503","GO:0099503","secretory vesicle","1/22","173/25052",0.141454110382434,0.23575685063739,0.198532084747276,"PLAT2",1
"GO:0031461","GO:0031461","cullin-RING ubiquitin ligase complex","1/22","241/25052",0.191645006953277,0.239556258691597,0.201731586266608,"EFO1",1
"GO:0000151","GO:0000151","ubiquitin ligase complex","1/22","318/25052",0.245096463464513,0.245096463464513,0.206397021864853,"EFO1",1
