"","ID","Description","GeneRatio","BgRatio","pvalue","p.adjust","qvalue","geneID","Count"
"GO:0005381","GO:0005381","iron ion transmembrane transporter activity","2/19","23/21809",0.000179951471463091,0.00415652452501919,0.00268162872581883,"MEB1/MEB2",2
"GO:0005384","GO:0005384","manganese ion transmembrane transporter activity","2/19","28/21809",0.000268162872581883,0.00415652452501919,0.00268162872581883,"MEB1/MEB2",2
"GO:0005507","GO:0005507","copper ion binding","3/19","191/21809",0.000577808412405777,0.00597068692819303,0.00385205608270518,"BGLU23/JAL31/JAL34",3
