"","ID","Description","GeneRatio","BgRatio","pvalue","p.adjust","qvalue","geneID","Count"
"GO:0090558","GO:0090558","plant epidermis development","7/30","283/21826",9.0231639609242e-08,1.38443193513137e-05,9.53200405519116e-06,"AtSDD1/NA/atEPF1/ATROPGEF4/MUTE/WVD2/TRY",7
"GO:0090626","GO:0090626","plant epidermis morphogenesis","5/30","94/21826",1.74142381777531e-07,1.38443193513137e-05,9.53200405519116e-06,"AtSDD1/NA/atEPF1/WVD2/TRY",5
"GO:0010374","GO:0010374","stomatal complex development","4/30","66/21826",1.96949282141114e-06,0.00010438311953479,7.18692117286871e-05,"AtSDD1/NA/atEPF1/MUTE",4
"GO:0010103","GO:0010103","stomatal complex morphogenesis","3/30","30/21826",9.27808543837308e-06,0.00036880389617533,0.000253926548839684,"AtSDD1/NA/atEPF1",3
"GO:0090698","GO:0090698","post-embryonic plant morphogenesis","4/30","201/21826",0.00015857266786949,0.00504261083824978,0.00347190683335304,"AtSDD1/NA/atEPF1/ATNEK5",4
"GO:0010091","GO:0010091","trichome branching","2/30","30/21826",0.000775684145520002,0.0176191113053829,0.0121310001705384,"WVD2/TRY",2
"GO:0045168","GO:0045168","cell-cell signaling involved in cell fate commitment","2/30","40/21826",0.00137905908611854,0.0274087993366061,0.0188713348626748,"CLE9/CLE10",2
"GO:0090627","GO:0090627","plant epidermal cell differentiation","3/30","172/21826",0.00166974943950894,0.029498906764658,0.0203104025390561,"NA/atEPF1/ATROPGEF4",3
"GO:0010016","GO:0010016","shoot system morphogenesis","3/30","199/21826",0.00252831107701312,0.0402001461245087,0.027678352843091,"AtSDD1/NA/atEPF1",3
