"","ID","Description","GeneRatio","BgRatio","pvalue","p.adjust","qvalue","geneID","Count"
"GO:0045177","GO:0045177","apical part of cell","2/46","25/25052",0.000963242376206868,0.00963242376206867,0.00709757540362955,"ATPIN1/OPS",2
"GO:0098590","GO:0098590","plasma membrane region","2/46","61/25052",0.00563422405207778,0.0281711202603889,0.0207576675602866,"ATPIN1/OPS",2
