"","ID","Description","GeneRatio","BgRatio","pvalue","p.adjust","qvalue","geneID","Count"
"GO:0048046","GO:0048046","apoplast","18/344","301/25124",2.10996292843061e-07,1.55676889885626e-05,1.49464220480127e-05,"CLE20/NA/CLE43/BGLU40/GDSL1/SKS6/CLE17/sks5/NA/CLE16/ARPN/AtPNP-A/ATGSTF10/NA/RALFL24/NA/ATCAD9/ATSBT1.3",18
"GO:0010168","GO:0010168","ER body","5/344","12/25124",3.4214701073764e-07,1.55676889885626e-05,1.49464220480127e-05,"ERMO3/BGLU23/NAI2/NA/ML3",5
"GO:0009986","GO:0009986","cell surface","5/344","19/25124",4.64206083398173e-06,0.000140809178630779,0.000135189841831749,"ABCG11/ANNAT4/ANN3/ACR4/ANNAT2",5
"GO:0009505","GO:0009505","plant-type cell wall","10/344","235/25124",0.0015741621719802,0.0358121894125497,0.0343830158616729,"AT-EXP10/LTPG1/BDG1/NA/AtLtpI-5/ATGRP-5/PME34/BDX/DGR2/PAE11",10
