"","ID","Description","GeneRatio","BgRatio","pvalue","p.adjust","qvalue","geneID","Count"
"GO:0000790","GO:0000790","nuclear chromatin","4/32","150/25052",3.89673024778869e-05,0.000467607629734643,0.000328145705076943,"KNAT6/BUM/ATK1/BP",4
"GO:0000785","GO:0000785","chromatin","4/32","226/25052",0.000190188818057997,0.000987719044938708,0.000693136171886813,"KNAT6/BUM/ATK1/BP",4
