"","ID","Description","GeneRatio","BgRatio","pvalue","p.adjust","qvalue","geneID","Count"
"GO:0009299","GO:0009299","mRNA transcription","4/30","16/21826",5.21633461971936e-09,1.33016532802844e-06,9.6639462428485e-07,"LSH3/LSH2/LSH4/LSH1",4
"GO:0090698","GO:0090698","post-embryonic plant morphogenesis","5/30","201/21826",7.44686172753831e-06,0.000949474870261135,0.000689814560024602,"ATK1/LSH3/LSH2/LSH4/LSH1",5
"GO:0010073","GO:0010073","meristem maintenance","4/30","144/21826",4.35798793310053e-05,0.0029059940619342,0.00211126916367562,"KNAT6/BUM/LSH3/TFL-1",4
"GO:0009908","GO:0009908","flower development","6/30","488/21826",4.558422057936e-05,0.0029059940619342,0.00211126916367562,"BUM/ATK1/LSH3/atbzip14/TFL-1/SHI",6
