"","ID","Description","GeneRatio","BgRatio","pvalue","p.adjust","qvalue","geneID","Count"
"GO:0009956","GO:0009956","radial pattern formation","3/11","26/21826",2.46035938572355e-07,9.10332972717715e-06,3.10782238196659e-06,"ATDOF2.4/PEAR2/DOF5.6",3
"GO:0010497","GO:0010497","plasmodesmata-mediated intercellular transport","2/11","19/21826",3.93034187442709e-05,0.000727113246769011,0.000248232118384869,"ATDOF2.4/PEAR2",2
"GO:0048508","GO:0048508","embryonic meristem development","2/11","31/21826",0.000106525648417312,0.000788289798288107,0.000269117427580577,"ATWOX14/DOF5.6",2
"GO:0010087","GO:0010087","phloem or xylem histogenesis","2/11","103/21826",0.00117980659551949,0.00623612057631731,0.00212897430770434,"ATWOX14/DOF5.6",2
"GO:0007292","GO:0007292","female gamete generation","1/11","16/21826",0.00803611983728325,0.0263206362689864,0.00898570797234246,"NA",1
"GO:0048507","GO:0048507","meristem development","2/11","282/21826",0.00847140849779296,0.0263206362689864,0.00898570797234246,"ATWOX14/DOF5.6",2
"GO:1905177","GO:1905177","tracheary element differentiation","1/11","17/21826",0.00853642257372533,0.0263206362689864,0.00898570797234246,"anac075",1
"GO:0090421","GO:0090421","embryonic meristem initiation","1/11","22/21826",0.0110344971194485,0.030481194282154,0.010406097621219,"ATWOX14",1
"GO:0007140","GO:0007140","male meiotic nuclear division","1/11","28/21826",0.0140246329559296,0.0305242011393762,0.0104207799053347,"NA",1
