"","ID","Description","GeneRatio","BgRatio","pvalue","p.adjust","qvalue","geneID","Count"
"GO:0031012","GO:0031012","extracellular matrix","1/17","21/25052",0.014159686933679,0.0849581216020738,0.0596197344575957,"ATPSK2",1
"GO:0005770","GO:0005770","late endosome","1/17","67/25052",0.0445194791153664,0.127685772959235,0.0896040511994634,"AtDTX50",1
"GO:0005887","GO:0005887","integral component of plasma membrane","1/17","97/25052",0.0638428864796177,0.127685772959235,0.0896040511994634,"ATRBOH",1
"GO:0031226","GO:0031226","intrinsic component of plasma membrane","1/17","271/25052",0.168861452378167,0.248838958293439,0.174623830381361,"ATRBOH",1
"GO:0005768","GO:0005768","endosome","1/17","417/25052",0.24832024281253,0.248838958293439,0.174623830381361,"AtDTX50",1
"GO:0016021","GO:0016021","integral component of membrane","1/17","418/25052",0.248838958293439,0.248838958293439,0.174623830381361,"ATRBOH",1
