"","ID","Description","GeneRatio","BgRatio","pvalue","p.adjust","qvalue","geneID","Count"
"GO:0010168","GO:0010168","ER body","5/29","12/25052",1.13786606647015e-12,1.13786606647015e-11,9.58203003343285e-12,"ERMO3/BGLU23/NAI2/MEB1/MEB2",5
"GO:0009986","GO:0009986","cell surface","2/29","19/25052",0.000218564769875015,0.00109282384937508,0.000920272715263223,"ANN3/ANNAT2",2
