"","ID","Description","GeneRatio","BgRatio","pvalue","p.adjust","qvalue","geneID","Count"
"GO:0005381","GO:0005381","iron ion transmembrane transporter activity","2/23","23/21809",0.000265561520109247,0.00711894908402832,0.00582837936704073,"MEB1/MEB2",2
"GO:0005384","GO:0005384","manganese ion transmembrane transporter activity","2/23","28/21809",0.000395497171334907,0.00711894908402832,0.00582837936704073,"MEB1/MEB2",2
"GO:0005507","GO:0005507","copper ion binding","3/23","191/21809",0.00102917479069881,0.0123500974883858,0.0101111909261638,"BGLU23/JAL31/JAL34",3
