"","ID","Description","GeneRatio","BgRatio","pvalue","p.adjust","qvalue","geneID","Count"
"GO:0042626","GO:0042626","ATPase-coupled transmembrane transporter activity","2/13","186/21809",0.00530481966928257,0.0450786866383028,0.0237256245464752,"ABCB4/ABCB9",2
"GO:0004805","GO:0004805","trehalose-phosphatase activity","1/13","11/21809",0.00653891334886314,0.0450786866383028,0.0237256245464752,"TPPF",1
"GO:0015399","GO:0015399","primary active transmembrane transporter activity","2/13","209/21809",0.00665030303816105,0.0450786866383028,0.0237256245464752,"ABCB4/ABCB9",2
"GO:0008559","GO:0008559","ATPase-coupled xenobiotic transmembrane transporter activity","1/13","15/21809",0.00890689802453826,0.0450786866383028,0.0237256245464752,"ABCB4",1
"GO:0010329","GO:0010329","auxin efflux transmembrane transporter activity","1/13","16/21809",0.00949807955733084,0.0450786866383028,0.0237256245464752,"ABCB4",1
"GO:0080161","GO:0080161","auxin transmembrane transporter activity","1/13","19/21809",0.0112696716595757,0.0450786866383028,0.0237256245464752,"ABCB4",1
"GO:0004724","GO:0004724","magnesium-dependent protein serine/threonine phosphatase activity","1/13","31/21809",0.0183268313627983,0.0488715503007956,0.0257218685793661,"ATHPP2C5",1
