"","ID","Description","GeneRatio","BgRatio","pvalue","p.adjust","qvalue","geneID","Count"
"GO:0016021","GO:0016021","integral component of membrane","2/19","418/25052",0.0393878919611886,0.118163675883566,0.0829218778130286,"ABCB4/ABCB9",2
"GO:0009505","GO:0009505","plant-type cell wall","1/19","235/25052",0.164007096330113,0.203435434357489,0.142761708321045,"sks9",1
"GO:0048046","GO:0048046","apoplast","1/19","298/25052",0.203435434357489,0.203435434357489,0.142761708321045,"AtPMEI11",1
