"","ID","Description","GeneRatio","BgRatio","pvalue","p.adjust","qvalue","geneID","Count"
"GO:0008017","GO:0008017","microtubule binding","11/83","162/21809",2.74672135562893e-11,2.3072459387283e-09,1.79259709525256e-09,"AtTPX2/ATNACK1/NA/CORD4/RSW7/NA/EDE1/PAKRP2/NA/NA/NA",11
"GO:0019887","GO:0019887","protein kinase regulator activity","8/83","91/21809",2.05073088373528e-09,4.30653485584409e-08,3.34592933662072e-08,"AtTPX2/CYCB2;4/CYCB2;1/CYC2/CYCB2;2/CYC1/CYC1BAT/NA",8
"GO:0003777","GO:0003777","microtubule motor activity","6/83","65/21809",1.74589813820367e-07,2.09507776584441e-06,1.62775465516733e-06,"ATNACK1/NA/RSW7/NA/PAKRP2/NA",6
"GO:0009055","GO:0009055","electron transfer activity","5/83","159/21809",0.000355159416732097,0.00248611591712468,0.00193156875766579,"AtENODL14/AtENODL15/NA/NA/AtENODL13",5
"GO:0010997","GO:0010997","anaphase-promoting complex binding","2/83","10/21809",0.00063131644161067,0.00378789864966402,0.00294297890074147,"AtCDC20.1/CCS52B",2
