"","ID","Description","GeneRatio","BgRatio","pvalue","p.adjust","qvalue","geneID","Count"
"GO:0031226","GO:0031226","intrinsic component of plasma membrane","2/26","271/25052",0.0319465323659658,0.223625726561761,0.201767572837679,"AST91/AtXYP2",2
"GO:0005887","GO:0005887","integral component of plasma membrane","1/26","97/25052",0.0959914545129402,0.235804906783158,0.212756306872022,"AST91",1
"GO:0009705","GO:0009705","plant-type vacuole membrane","1/26","129/25052",0.125667556031082,0.235804906783158,0.212756306872022,"UMAMIT5",1
"GO:0046658","GO:0046658","anchored component of plasma membrane","1/26","173/25052",0.164946617501199,0.235804906783158,0.212756306872022,"AtXYP2",1
"GO:0000325","GO:0000325","plant-type vacuole","1/26","177/25052",0.168432076273684,0.235804906783158,0.212756306872022,"UMAMIT5",1
"GO:0031225","GO:0031225","anchored component of membrane","1/26","314/25052",0.279713668794046,0.326332613593054,0.294435440835838,"AtXYP2",1
"GO:0016021","GO:0016021","integral component of membrane","1/26","418/25052",0.354479233519805,0.354479233519805,0.319830887386291,"AST91",1
