"","ID","Description","GeneRatio","BgRatio","pvalue","p.adjust","qvalue","geneID","Count"
"GO:0048653","GO:0048653","anther development","7/127","80/21895",4.18111509422469e-07,0.000234142445276583,0.000215217398007987,"SRS5/ROXY1/AtSTY1/ADR/SRS2/LRP1/SHI",7
"GO:1905392","GO:1905392","plant organ morphogenesis","11/127","448/21895",6.16086885664455e-05,0.00575014426620158,0.0052853769664898,"AIR3/DROP1/TCP10/NGA1/ROXY1/ATAIG1/ATPSK3/ATHB51/AGAL2/TCP5/ATPSK5",11
"GO:0009938","GO:0009938","negative regulation of gibberellic acid mediated signaling pathway","3/127","16/21895",0.000100994489664581,0.00767375888734233,0.00705351145847819,"AtSTY1/SRS2/SHI",3
"GO:0010089","GO:0010089","xylem development","4/127","43/21895",0.000111818063320421,0.00767375888734233,0.00705351145847819,"IRX11/ANAC037/ANAC076/PXY",4
"GO:2000652","GO:2000652","regulation of secondary cell wall biogenesis","3/127","30/21895",0.000690046718077399,0.027601868723096,0.0253708906120187,"IRX11/ANAC037/ANAC076",3
"GO:0010051","GO:0010051","xylem and phloem pattern formation","4/127","71/21895",0.000776838246355796,0.0290019611972831,0.0266578177170515,"ARF5/AtSTY1/SRS2/FL1",4
"GO:0080167","GO:0080167","response to karrikin","5/127","128/21895",0.000908385232129962,0.0317934831245487,0.0292237091126021,"NA/ALKBH10B/JAO2/AtLHT1/AtNPF2.11",5
