"","ID","Description","GeneRatio","BgRatio","pvalue","p.adjust","qvalue","geneID","Count"
"GO:0008378","GO:0008378","galactosyltransferase activity","3/76","38/21809",0.000314245623113514,0.0169482084459032,0.0137518358004039,"AtGolS2/AtSIP2/RS5",3
"GO:0003996","GO:0003996","acyl-CoA ligase activity","2/76","10/21809",0.000529631513934475,0.0169482084459032,0.0137518358004039,"LACS2/LACS3",2
"GO:0004467","GO:0004467","long-chain fatty acid-CoA ligase activity","2/76","10/21809",0.000529631513934475,0.0169482084459032,0.0137518358004039,"LACS2/LACS3",2
"GO:0004553","GO:0004553","hydrolase activity, hydrolyzing O-glycosyl compounds","6/76","393/21809",0.00249312797804835,0.0362896799890668,0.0294455736753393,"BGLU40/BGLU26/BGLU25/ATBFRUCT1/AtSIP2/NA",6
"GO:0015145","GO:0015145","monosaccharide transmembrane transporter activity","2/76","22/21809",0.00264612249920279,0.0362896799890668,0.0294455736753393,"ESL1/ATSTP1",2
"GO:0015112","GO:0015112","nitrate transmembrane transporter activity","2/76","27/21809",0.00397570575312334,0.0469824964401597,0.0381217624624103,"NPF5.12/ATNRT3.1",2
"GO:0015144","GO:0015144","carbohydrate transmembrane transporter activity","3/76","95/21809",0.00447316271662169,0.0469824964401597,0.0381217624624103,"ESL1/ATSTP1/ATOCT6",3
