"","ID","Description","GeneRatio","BgRatio","pvalue","p.adjust","qvalue","geneID","Count"
"GO:0042389","GO:0042389","omega-3 fatty acid desaturase activity","2/43","12/21809",0.000247494840827928,0.0137208302855046,0.0107441674892912,"ADS1/NA",2
"GO:0102336","GO:0102336","3-oxo-arachidoyl-CoA synthase activity","2/43","23/21809",0.000935754986434596,0.0137208302855046,0.0107441674892912,"FDH/KCS19",2
"GO:0102337","GO:0102337","3-oxo-cerotoyl-CoA synthase activity","2/43","23/21809",0.000935754986434596,0.0137208302855046,0.0107441674892912,"FDH/KCS19",2
"GO:0102338","GO:0102338","3-oxo-lignoceronyl-CoA synthase activity","2/43","23/21809",0.000935754986434596,0.0137208302855046,0.0107441674892912,"FDH/KCS19",2
"GO:0102756","GO:0102756","very-long-chain 3-ketoacyl-CoA synthase activity","2/43","23/21809",0.000935754986434596,0.0137208302855046,0.0107441674892912,"FDH/KCS19",2
"GO:0016705","GO:0016705","oxidoreductase activity, acting on paired donors, with incorporation or reduction of molecular oxygen","5/43","392/21809",0.00100396319162229,0.0137208302855046,0.0107441674892912,"ADS1/NA/ATT1/CBB3/ATFLS1",5
