"","ID","Description","GeneRatio","BgRatio","pvalue","p.adjust","qvalue","geneID","Count"
"GO:0009505","GO:0009505","plant-type cell wall","6/56","235/25052",1.402325799099e-05,0.000420697739729701,0.000324749132422927,"SCPL45/AT-EXP1/LCR69/NA/ATPDI11/BGLC1",6
"GO:0045298","GO:0045298","tubulin complex","2/56","13/25052",0.000376801463730381,0.00565202195595572,0.0043629643168781,"TOR2/TUB8",2
"GO:0099503","GO:0099503","secretory vesicle","4/56","173/25052",0.000609754462416829,0.00609754462416829,0.00470687655198955,"AtCRT1b/NA/ATPDI11/AtHsp90-7",4
