"","ID","Description","GeneRatio","BgRatio","pvalue","p.adjust","qvalue","geneID","Count"
"GO:0009739","GO:0009739","response to gibberellin","5/64","118/21826",2.50688562514806e-05,0.00717415310158104,0.00607100675262792,"AT-EXP1/GAMMA-TIP/AtGRF5/IQD22/CGA1",5
"GO:0010038","GO:0010038","response to metal ion","8/64","437/21826",4.01913339024148e-05,0.00717415310158104,0.00607100675262792,"ATDHAR1/ATGRP7/ATPDI11/ATSERAT2;2/AtHsp90-7/ATFSD1/CCoAOMT1/ATGRP8",8
"GO:0009409","GO:0009409","response to cold","7/64","425/21826",0.00024122575853993,0.0240132882606022,0.020320842490912,"ATGRP7/AtGRF5/ATSR2/ATDI21/AtHsp90-7/ATGRP8/TUB8",7
