"","ID","Description","GeneRatio","BgRatio","pvalue","p.adjust","qvalue","geneID","Count"
"GO:0009832","GO:0009832","plant-type cell wall biogenesis","5/26","188/21826",2.55309774344448e-06,0.000270528598949066,0.000208587253631529,"ANAC037/AtMSR1/AO1/ATFLA11/AtFLA12",5
"GO:0009834","GO:0009834","plant-type secondary cell wall biogenesis","4/26","88/21826",3.44622419043396e-06,0.000270528598949066,0.000208587253631529,"ANAC037/AO1/ATFLA11/AtFLA12",4
"GO:0010089","GO:0010089","xylem development","3/26","42/21826",1.67037637950112e-05,0.00065562272895419,0.000505508641164813,"AHP6/ANAC037/AO1",3
"GO:0071669","GO:0071669","plant-type cell wall organization or biogenesis","5/26","303/21826",2.58317082411033e-05,0.000811115638770645,0.000625399252153028,"ANAC037/AtMSR1/AO1/ATFLA11/AtFLA12",5
