"","ID","Description","GeneRatio","BgRatio","pvalue","p.adjust","qvalue","geneID","Count"
"GO:0009055","GO:0009055","electron transfer activity","4/53","159/21809",0.000603254973200934,0.0127859917295005,0.00761826716752763,"AtENODL15/NA/NA/AtENODL13",4
"GO:0008574","GO:0008574","ATP-dependent microtubule motor activity, plus-end-directed","2/53","17/21809",0.00076986264223734,0.0127859917295005,0.00761826716752763,"NA/NA",2
"GO:0008092","GO:0008092","cytoskeletal protein binding","5/53","308/21809",0.000896179280784037,0.0127859917295005,0.00761826716752763,"NET3A/NA/CORD4/NA/MadA1",5
"GO:1990939","GO:1990939","ATP-dependent microtubule motor activity","2/53","19/21809",0.000964980507886833,0.0127859917295005,0.00761826716752763,"NA/NA",2
"GO:0008422","GO:0008422","beta-glucosidase activity","3/53","111/21809",0.00249810054903242,0.0264798658197436,0.0157774771517837,"NA/BGLC1/NA",3
"GO:0030247","GO:0030247","polysaccharide binding","2/53","64/21809",0.01060992600515,0.0497052559175138,0.0296158426519447,"PDCB4/PDCB5",2
"GO:0015035","GO:0015035","protein disulfide oxidoreductase activity","2/53","66/21809",0.011254020207739,0.0497052559175138,0.0296158426519447,"NA/NA",2
