"","ID","Description","GeneRatio","BgRatio","pvalue","p.adjust","qvalue","geneID","Count"
"GO:0031225","GO:0031225","anchored component of membrane","8/60","314/25052",8.09474955582442e-07,3.64263730012099e-05,1.70415780122619e-05,"PDCB4/AGP17/PDCB5/NA/AtENODL15/AtENODL13/NA/AGP7",8
"GO:0046658","GO:0046658","anchored component of plasma membrane","5/60","173/25052",5.95341277901878e-05,0.00071725700703748,0.000335558833701745,"PDCB5/NA/AtENODL15/AtENODL13/NA",5
"GO:0099081","GO:0099081","supramolecular polymer","5/60","184/25052",7.96952230041644e-05,0.00071725700703748,0.000335558833701745,"NET3A/NA/CORD4/AtAUR2/AtAUR1",5
"GO:0099512","GO:0099512","supramolecular fiber","5/60","184/25052",7.96952230041644e-05,0.00071725700703748,0.000335558833701745,"NET3A/NA/CORD4/AtAUR2/AtAUR1",5
"GO:0099513","GO:0099513","polymeric cytoskeletal fiber","5/60","184/25052",7.96952230041644e-05,0.00071725700703748,0.000335558833701745,"NET3A/NA/CORD4/AtAUR2/AtAUR1",5
"GO:0000780","GO:0000780","condensed nuclear chromosome, centromeric region","2/60","18/25052",0.000841988652151621,0.00344449903152936,0.00161146153521841,"AtAUR2/AtAUR1",2
