"","ID","Description","GeneRatio","BgRatio","pvalue","p.adjust","qvalue","geneID","Count"
"GO:0000148","GO:0000148","1,3-beta-D-glucan synthase complex","1/17","12/25052",0.00811451422956699,0.048687085377402,0.03416637570344,"ATGSL07",1
"GO:0098797","GO:0098797","plasma membrane protein complex","1/17","33/25052",0.0221659899516456,0.0664979698549369,0.0466652420034645,"ATGSL07",1
"GO:0120025","GO:0120025","plasma membrane bounded cell projection","1/17","102/25052",0.067027473709501,0.115724659466796,0.0812102873451203,"VPNB1",1
"GO:0042995","GO:0042995","cell projection","1/17","118/25052",0.0771497729778643,0.115724659466796,0.0812102873451203,"VPNB1",1
"GO:0048046","GO:0048046","apoplast","1/17","298/25052",0.184127442241319,0.193049012096736,0.135472990945078,"CLE26",1
"GO:0031225","GO:0031225","anchored component of membrane","1/17","314/25052",0.193049012096736,0.193049012096736,0.135472990945078,"NA",1
