"","ID","Description","GeneRatio","BgRatio","pvalue","p.adjust","qvalue","geneID","Count"
"GO:0099503","GO:0099503","secretory vesicle","15/360","173/25052",3.36739432763133e-08,2.72758940538137e-06,2.33945290130176e-06,"AtCRT1b/NA/ATPDI6/NA/NA/ATPDI11/ATEXLA1/AT-BETA-AMY/AtHsp90-7/GGP1/ATGER3/AtGRXC2/DIR1-like/AtXTH22/AtPRX71",15
"GO:0009505","GO:0009505","plant-type cell wall","16/360","235/25052",3.37287399336389e-07,1.36601396731238e-05,1.1716299134843e-05,"NA/AT-EXP1/NA/LCR69/EXGT-A1/NA/ATC4H/BGLU15/ATPDI11/AQP1/BGLU44/ATEXLA1/PRXR1/ATPGIP2/DGR2/AtPRX71",16
"GO:0048046","GO:0048046","apoplast","16/360","298/25052",7.45805872724607e-06,0.000201367585635644,0.000172712938946751,"CRB/NA/ATDHAR1/ATCAT3/ANN1/NA/ATGSTF7/ATGSTF10/ATBCA1/ATMS2/ATPME3/NA/ATNIT1/ATGER3/RBCS1B/AtPRX71",16
"GO:0005777","GO:0005777","peroxisome","13/360","324/25052",0.000896286871313985,0.0145198473152866,0.0124536702119417,"CRB/ATDHAR1/ATCAT3/ATBG1/ATGRP7/ATSEH/ATC4H/ATGSTF7/ATGSTF10/NA/KAT2/ATGRP8/KAT5",13
"GO:0042579","GO:0042579","microbody","13/360","324/25052",0.000896286871313985,0.0145198473152866,0.0124536702119417,"CRB/ATDHAR1/ATCAT3/ATBG1/ATGRP7/ATSEH/ATC4H/ATGSTF7/ATGSTF10/NA/KAT2/ATGRP8/KAT5",13
"GO:0009705","GO:0009705","plant-type vacuole membrane","7/360","129/25052",0.00267102954467076,0.0360588988530553,0.0309277105172404,"GAMMA-TIP/ATCAX1/AQP1/A11/AtSWEET17/ATCHS/ATGSTF12",7
