"","ID","Description","GeneRatio","BgRatio","pvalue","p.adjust","qvalue","geneID","Count"
"GO:0000790","GO:0000790","nuclear chromatin","4/34","150/25052",4.9788994047609e-05,0.000697045916666525,0.000471685206766822,"KNAT6/BUM/ATK1/BP",4
"GO:0000785","GO:0000785","chromatin","4/34","226/25052",0.000241838797896757,0.00146380030908939,0.000990541562541692,"KNAT6/BUM/ATK1/BP",4
