"","ID","Description","GeneRatio","BgRatio","pvalue","p.adjust","qvalue","geneID","Count"
"GO:0009299","GO:0009299","mRNA transcription","4/32","16/21826",6.83869007881117e-09,1.69599513954517e-06,1.33174491008428e-06,"LSH3/LSH2/LSH4/LSH1",4
"GO:0090698","GO:0090698","post-embryonic plant morphogenesis","5/32","201/21826",1.03669756745145e-05,0.0012855049836398,0.00100941605251852,"ATK1/LSH3/LSH2/LSH4/LSH1",5
"GO:0010073","GO:0010073","meristem maintenance","4/32","144/21826",5.66014897048573e-05,0.0041529536319671,0.00326102046652765,"KNAT6/BUM/LSH3/TFL-1",4
"GO:0009908","GO:0009908","flower development","6/32","488/21826",6.69831230962435e-05,0.0041529536319671,0.00326102046652765,"BUM/ATK1/LSH3/atbzip14/TFL-1/SHI",6
