"","ID","Description","GeneRatio","BgRatio","pvalue","p.adjust","qvalue","geneID","Count"
"GO:0016021","GO:0016021","integral component of membrane","2/26","418/25052",0.0693998036320909,0.208199410896273,0.208199410896273,"ABCB4/ABCB9",2
"GO:0009505","GO:0009505","plant-type cell wall","1/26","235/25052",0.217425969449277,0.267496505894626,0.267496505894626,"sks9",1
"GO:0048046","GO:0048046","apoplast","1/26","298/25052",0.267496505894626,0.267496505894626,0.267496505894626,"AtPMEI11",1
