"","ID","Description","GeneRatio","BgRatio","pvalue","p.adjust","qvalue","geneID","Count"
"GO:0015979","GO:0015979","photosynthesis","12/45","197/21895",4.4551958576073e-15,1.10488857268661e-12,8.39452693170217e-13,"PnsL2/LHCA2*1/Lhca5/NDF5/NDF2/NA/NA/PnsL1/PnsL3/ATBCA1/NDF4/cfbp1",12
"GO:0010275","GO:0010275","NAD(P)H dehydrogenase complex assembly","4/45","11/21895",5.08250708556998e-09,3.15115439305339e-07,2.39412833767639e-07,"NDH-O/CRR6/CRR9/CRR7",4
"GO:0009409","GO:0009409","response to cold","8/45","427/21895",2.24517626987749e-06,6.96004643662022e-05,5.28798095142198e-05,"CRB/AOR/Lhca5/ATBCA1/NA/cfbp1/CAT2/ATGER3",8
"GO:0017014","GO:0017014","protein nitrosylation","2/45","16/21895",0.000486649838095676,0.0109717418043389,0.00833591588699771,"CRB/ATGER3",2
"GO:0018119","GO:0018119","peptidyl-cysteine S-nitrosylation","2/45","16/21895",0.000486649838095676,0.0109717418043389,0.00833591588699771,"CRB/ATGER3",2
"GO:2000038","GO:2000038","regulation of stomatal complex development","2/45","16/21895",0.000486649838095676,0.0109717418043389,0.00833591588699771,"ATBCA1/AtEPFL9",2
"GO:0032544","GO:0032544","plastid translation","2/45","20/21895",0.000766509220658194,0.0158411905602693,0.0120355395173523,"CRB/CSP41A",2
"GO:0045727","GO:0045727","positive regulation of translation","2/45","31/21895",0.00184916690443811,0.0305330123243543,0.0231978319442251,"CRB/CSP41A",2
"GO:0034250","GO:0034250","positive regulation of cellular amide metabolic process","2/45","32/21895",0.00196987176286157,0.0305330123243543,0.0231978319442251,"CRB/CSP41A",2
