"","ID","Description","GeneRatio","BgRatio","pvalue","p.adjust","qvalue","geneID","Count"
"GO:0009739","GO:0009739","response to gibberellin","5/63","118/21826",2.32099994121934e-05,0.00768250980543602,0.00654766299207141,"AT-EXP1/GAMMA-TIP/AtGRF5/IQD22/CGA1",5
"GO:0009409","GO:0009409","response to cold","7/63","425/21826",0.000218451358691731,0.0361536998634815,0.0308131390154652,"ATGRP7/AtGRF5/ATSR2/ATDI21/AtHsp90-7/ATGRP8/TUB8",7
