"","ID","Description","GeneRatio","BgRatio","pvalue","p.adjust","qvalue","geneID","Count"
"GO:0009505","GO:0009505","plant-type cell wall","7/62","235/25052",1.85361246688322e-06,5.74619864733799e-05,4.68281044265235e-05,"SCPL45/AT-EXP1/LCR69/NA/ATPDI11/PRXR1/BGLC1",7
"GO:0099503","GO:0099503","secretory vesicle","4/62","173/25052",0.000896832370340062,0.013900901740271,0.0113284088885061,"AtCRT1b/NA/ATPDI11/AtHsp90-7",4
