"","ID","Description","GeneRatio","BgRatio","pvalue","p.adjust","qvalue","geneID","Count"
"GO:0010168","GO:0010168","ER body","4/26","12/25052",4.48487031212757e-10,3.58789624970206e-09,1.41627483540871e-09,"BGLU23/NAI2/MEB1/MEB2",4
"GO:0009986","GO:0009986","cell surface","1/26","19/25052",0.0195428329856809,0.068839721608059,0.0271735743189707,"ANNAT2",1
"GO:0005777","GO:0005777","peroxisome","2/26","324/25052",0.0441937802013178,0.068839721608059,0.0271735743189707,"BGLU23/NAI2",2
"GO:0042579","GO:0042579","microbody","2/26","324/25052",0.0441937802013178,0.068839721608059,0.0271735743189707,"BGLU23/NAI2",2
"GO:0005764","GO:0005764","lysosome","1/26","45/25052",0.0456914330962896,0.068839721608059,0.0271735743189707,"CEP3",1
"GO:0000323","GO:0000323","lytic vacuole","1/26","51/25052",0.0516297912060443,0.068839721608059,0.0271735743189707,"CEP3",1
"GO:0005615","GO:0005615","extracellular space","1/26","130/25052",0.126579671087183,0.144662481242494,0.0571036110167741,"CEP3",1
"GO:0099503","GO:0099503","secretory vesicle","1/26","173/25052",0.164946617501199,0.164946617501199,0.065110506908368,"NAI2",1
