"","ID","Description","GeneRatio","BgRatio","pvalue","p.adjust","qvalue","geneID","Count"
"GO:0008289","GO:0008289","lipid binding","3/15","268/21809",0.000748387747162356,0.0157161426904095,0.00787776575960374,"ATHB-15/AtXYP2/ATHB-8",3
"GO:0008271","GO:0008271","secondary active sulfate transmembrane transporter activity","1/15","12/21809",0.00822438969060957,0.0454746285547012,0.0227943000274191,"AST91",1
"GO:0009815","GO:0009815","1-aminocyclopropane-1-carboxylate oxidase activity","1/15","12/21809",0.00822438969060957,0.0454746285547012,0.0227943000274191,"ACO2",1
"GO:0010329","GO:0010329","auxin efflux transmembrane transporter activity","1/15","16/21809",0.0109517937408619,0.0454746285547012,0.0227943000274191,"PIN6",1
"GO:0015116","GO:0015116","sulfate transmembrane transporter activity","1/15","17/21809",0.0116325500889498,0.0454746285547012,0.0227943000274191,"AST91",1
"GO:0080161","GO:0080161","auxin transmembrane transporter activity","1/15","19/21809",0.0129927510156289,0.0454746285547012,0.0227943000274191,"PIN6",1
"GO:0015301","GO:0015301","anion:anion antiporter activity","1/15","33/21809",0.0224653500231038,0.047177235048518,0.023647736866425,"AST91",1
"GO:0140323","GO:0140323","solute:anion antiporter activity","1/15","33/21809",0.0224653500231038,0.047177235048518,0.023647736866425,"AST91",1
"GO:1901682","GO:1901682","sulfur compound transmembrane transporter activity","1/15","33/21809",0.0224653500231038,0.047177235048518,0.023647736866425,"AST91",1
