"","ID","Description","GeneRatio","BgRatio","pvalue","p.adjust","qvalue","geneID","Count"
"GO:0031012","GO:0031012","extracellular matrix","1/17","21/25052",0.014159686933679,0.0569834167981456,0.044986907998536,"ATPSK5",1
"GO:0031226","GO:0031226","intrinsic component of plasma membrane","2/17","271/25052",0.0142458541995364,0.0569834167981456,0.044986907998536,"AST91/AtXYP2",2
"GO:0005887","GO:0005887","integral component of plasma membrane","1/17","97/25052",0.0638428864796177,0.151452685044805,0.119567909245899,"AST91",1
"GO:0009705","GO:0009705","plant-type vacuole membrane","1/17","129/25052",0.08404879733026,0.151452685044805,0.119567909245899,"UMAMIT5",1
"GO:0046658","GO:0046658","anchored component of plasma membrane","1/17","173/25052",0.111162460112211,0.151452685044805,0.119567909245899,"AtXYP2",1
"GO:0000325","GO:0000325","plant-type vacuole","1/17","177/25052",0.113589513783604,0.151452685044805,0.119567909245899,"UMAMIT5",1
"GO:0031225","GO:0031225","anchored component of membrane","1/17","314/25052",0.193049012096736,0.220627442396269,0.174179559786528,"AtXYP2",1
"GO:0016021","GO:0016021","integral component of membrane","1/17","418/25052",0.248838958293439,0.248838958293439,0.196451809179031,"AST91",1
