"","ID","Description","GeneRatio","BgRatio","pvalue","p.adjust","qvalue","geneID","Count"
"GO:0008289","GO:0008289","lipid binding","3/14","268/21809",0.000604181648066388,0.0120836329613278,0.0057238261395763,"ATHB-15/AtXYP2/ATHB-8",3
"GO:0008271","GO:0008271","secondary active sulfate transmembrane transporter activity","1/14","12/21809",0.0076780321033304,0.0404385574922894,0.0191551061805581,"AST91",1
"GO:0009815","GO:0009815","1-aminocyclopropane-1-carboxylate oxidase activity","1/14","12/21809",0.0076780321033304,0.0404385574922894,0.0191551061805581,"ACO2",1
"GO:0010329","GO:0010329","auxin efflux transmembrane transporter activity","1/14","16/21809",0.0102251868580784,0.0404385574922894,0.0191551061805581,"PIN6",1
"GO:0015116","GO:0015116","sulfate transmembrane transporter activity","1/14","17/21809",0.0108610262277833,0.0404385574922894,0.0191551061805581,"AST91",1
"GO:0080161","GO:0080161","auxin transmembrane transporter activity","1/14","19/21809",0.0121315672476868,0.0404385574922894,0.0191551061805581,"PIN6",1
"GO:0015301","GO:0015301","anion:anion antiporter activity","1/14","33/21809",0.0209830118442035,0.041966023688407,0.0198786427997717,"AST91",1
"GO:0140323","GO:0140323","solute:anion antiporter activity","1/14","33/21809",0.0209830118442035,0.041966023688407,0.0198786427997717,"AST91",1
"GO:1901682","GO:1901682","sulfur compound transmembrane transporter activity","1/14","33/21809",0.0209830118442035,0.041966023688407,0.0198786427997717,"AST91",1
