"","ID","Description","GeneRatio","BgRatio","pvalue","p.adjust","qvalue","geneID","Count"
"GO:0031226","GO:0031226","intrinsic component of plasma membrane","2/16","271/25052",0.0126593827464255,0.0533283105451261,0.0421012977987838,"AST91/AtXYP2",2
"GO:0031012","GO:0031012","extracellular matrix","1/16","21/25052",0.0133320776362815,0.0533283105451261,0.0421012977987838,"ATPSK5",1
"GO:0005887","GO:0005887","integral component of plasma membrane","1/16","97/25052",0.0602017124144395,0.143037508458977,0.112924348783403,"AST91",1
"GO:0009705","GO:0009705","plant-type vacuole membrane","1/16","129/25052",0.0793048416092016,0.143037508458977,0.112924348783403,"UMAMIT5",1
"GO:0046658","GO:0046658","anchored component of plasma membrane","1/16","173/25052",0.104977812467092,0.143037508458977,0.112924348783403,"AtXYP2",1
"GO:0000325","GO:0000325","plant-type vacuole","1/16","177/25052",0.107278131344233,0.143037508458977,0.112924348783403,"UMAMIT5",1
"GO:0031225","GO:0031225","anchored component of membrane","1/16","314/25052",0.182799735735534,0.208913983697753,0.164932092392963,"AtXYP2",1
"GO:0016021","GO:0016021","integral component of membrane","1/16","418/25052",0.236084659998153,0.236084659998153,0.186382626314331,"AST91",1
