"","ID","Description","GeneRatio","BgRatio","pvalue","p.adjust","qvalue","geneID","Count"
"GO:0031012","GO:0031012","extracellular matrix","1/47","21/25052",0.0386827698949935,0.309462159159948,0.285030936068373,"ATPSK3",1
"GO:0005887","GO:0005887","integral component of plasma membrane","1/47","97/25052",0.166817551477706,0.492802228236988,0.453896789165647,"AMT2",1
"GO:0016021","GO:0016021","integral component of membrane","2/47","418/25052",0.184800835588871,0.492802228236988,0.453896789165647,"AMT2/ABCB21",2
"GO:0099503","GO:0099503","secretory vesicle","1/47","173/25052",0.278188446066802,0.511469110922786,0.471089970586776,"NA",1
"GO:0031226","GO:0031226","intrinsic component of plasma membrane","1/47","271/25052",0.400503339748189,0.511469110922786,0.471089970586776,"AMT2",1
"GO:0005802","GO:0005802","trans-Golgi network","1/47","312/25052",0.445430335302357,0.511469110922786,0.471089970586776,"NA",1
"GO:0031225","GO:0031225","anchored component of membrane","1/47","314/25052",0.447535472057437,0.511469110922786,0.471089970586776,"AGP12",1
"GO:0098791","GO:0098791","Golgi apparatus subcompartment","1/47","390/25052",0.521986536632898,0.521986536632898,0.480777073214511,"NA",1
