"","ID","Description","GeneRatio","BgRatio","pvalue","p.adjust","qvalue","geneID","Count"
"GO:0045177","GO:0045177","apical part of cell","2/32","25/25052",0.000465578977334364,0.00279347386400619,0.00147024940210852,"ATPIN1/OPS",2
"GO:0098590","GO:0098590","plasma membrane region","2/32","61/25052",0.002759759203425,0.008279277610275,0.00435751453172368,"ATPIN1/OPS",2
