"","ID","Description","GeneRatio","BgRatio","pvalue","p.adjust","qvalue","geneID","Count"
"GO:0045488","GO:0045488","pectin metabolic process","3/20","167/21826",0.000455759304251712,0.0340874520532096,0.0241651110151647,"AtERF014/NA/NA",3
"GO:0010393","GO:0010393","galacturonan metabolic process","3/20","168/21826",0.000463774857866797,0.0340874520532096,0.0241651110151647,"AtERF014/NA/NA",3
