"","ID","Description","GeneRatio","BgRatio","pvalue","p.adjust","qvalue","geneID","Count"
"GO:0009651","GO:0009651","response to salt stress","9/70","483/21826",2.32085853216903e-05,0.0040838775371647,0.00350823115715298,"ESL1/ATOCT6/AtGolS2/BGLU26/BGLU25/IDL6/HHP1/FAR1/COR78",9
"GO:0009620","GO:0009620","response to fungus","8/70","374/21826",2.57888793142053e-05,0.0040838775371647,0.00350823115715298,"AtLEA14/LACS2/BGLU26/ATBFRUCT1/MO1/AtBBE19/NA/NA",8
"GO:0009414","GO:0009414","response to water deprivation","8/70","397/21826",3.93885650390085e-05,0.0040838775371647,0.00350823115715298,"AtLEA14/ESL1/ATOCT6/AtGolS2/AtPUB23/RS5/CYP707A3/COR78",8
"GO:0009415","GO:0009415","response to water","8/70","407/21826",4.69411211168356e-05,0.0040838775371647,0.00350823115715298,"AtLEA14/ESL1/ATOCT6/AtGolS2/AtPUB23/RS5/CYP707A3/COR78",8
"GO:0001101","GO:0001101","response to acid chemical","8/70","438/21826",7.84510573416542e-05,0.00546019359097913,0.00469054742842732,"AtLEA14/ESL1/ATOCT6/AtGolS2/AtPUB23/RS5/CYP707A3/COR78",8
"GO:1901568","GO:1901568","fatty acid derivative metabolic process","3/70","50/21826",0.00055580601331219,0.0276314989475203,0.0237366778617537,"KCS1/LACS2/FAR1",3
"GO:0009611","GO:0009611","response to wounding","5/70","222/21826",0.000736131748801372,0.0320217310728597,0.0275080811394197,"AtLEA14/ATBFRUCT1/FAR1/ATNRT3.1/COR78",5
"GO:0015749","GO:0015749","monosaccharide transmembrane transport","2/70","16/21826",0.00118188627987229,0.0456996028217284,0.0392579770156408,"ESL1/ATSTP1",2
