"","ID","Description","GeneRatio","BgRatio","pvalue","p.adjust","qvalue","geneID","Count"
"GO:0008378","GO:0008378","galactosyltransferase activity","3/72","38/21809",0.00026787821545766,0.0145808017551149,0.0113443308849864,"AtGolS2/AtSIP2/RS5",3
"GO:0003996","GO:0003996","acyl-CoA ligase activity","2/72","10/21809",0.000475460926797224,0.0145808017551149,0.0113443308849864,"LACS2/LACS3",2
"GO:0004467","GO:0004467","long-chain fatty acid-CoA ligase activity","2/72","10/21809",0.000475460926797224,0.0145808017551149,0.0113443308849864,"LACS2/LACS3",2
"GO:0004553","GO:0004553","hydrolase activity, hydrolyzing O-glycosyl compounds","6/72","393/21809",0.00189193049163895,0.0290096008717973,0.0225703988476226,"BGLU40/BGLU26/BGLU25/ATBFRUCT1/AtSIP2/NA",6
"GO:0015145","GO:0015145","monosaccharide transmembrane transporter activity","2/72","22/21809",0.00237894916663056,0.0312661890471445,0.0243260967414854,"ESL1/ATSTP1",2
"GO:0015112","GO:0015112","nitrate transmembrane transporter activity","2/72","27/21809",0.00357645292071969,0.0392805350509758,0.0305615146849697,"NPF5.12/ATNRT3.1",2
"GO:0015144","GO:0015144","carbohydrate transmembrane transporter activity","3/72","95/21809",0.00384266103759546,0.0392805350509758,0.0305615146849697,"ESL1/ATSTP1/ATOCT6",3
