"","ID","Description","GeneRatio","BgRatio","pvalue","p.adjust","qvalue","geneID","Count"
"GO:0048046","GO:0048046","apoplast","5/40","298/25052",0.000107737577934056,0.00323212733802169,0.00215475155868113,"NA/ATCAT3/ATBCA1/ATNIT1/ATGER3",5
"GO:0009534","GO:0009534","chloroplast thylakoid","5/40","411/25052",0.000475751775225206,0.00384057118209308,0.00256038078806205,"LHB1B1/NA/ATBCA1/CCL/PORA",5
"GO:0031976","GO:0031976","plastid thylakoid","5/40","414/25052",0.000491737165257497,0.00384057118209308,0.00256038078806205,"LHB1B1/NA/ATBCA1/CCL/PORA",5
"GO:0031012","GO:0031012","extracellular matrix","2/40","21/25052",0.00051207615761241,0.00384057118209308,0.00256038078806205,"ATGER1/ATGER3",2
"GO:0042651","GO:0042651","thylakoid membrane","4/40","361/25052",0.00257386787129772,0.00883479223150955,0.00588986148767303,"LHB1B1/NA/ATBCA1/CCL",4
"GO:0034357","GO:0034357","photosynthetic membrane","4/40","362/25052",0.0025996529204022,0.00883479223150955,0.00588986148767303,"LHB1B1/NA/ATBCA1/CCL",4
"GO:0099503","GO:0099503","secretory vesicle","3/40","173/25052",0.00265043766945286,0.00883479223150955,0.00588986148767303,"NA/ATGER3/DIR1-like",3
