"","ID","Description","GeneRatio","BgRatio","pvalue","p.adjust","qvalue","geneID","Count"
"GO:0045735","GO:0045735","nutrient reservoir activity","2/20","43/21809",0.000705383816004183,0.0164912344457125,0.00759464744210446,"ATGER1/ATGER3",2
"GO:0030145","GO:0030145","manganese ion binding","2/20","52/21809",0.00103070215285703,0.0164912344457125,0.00759464744210446,"ATGER1/ATGER3",2
"GO:0016836","GO:0016836","hydro-lyase activity","2/20","88/21809",0.00291726657610332,0.0311175101451021,0.0143304323036654,"ATBCA1/ATNIT1",2
