"","ID","Description","GeneRatio","BgRatio","pvalue","p.adjust","qvalue","geneID","Count"
"GO:0048046","GO:0048046","apoplast","4/22","298/25052",0.000121203432468105,0.0016834286022778,0.000886015053830419,"NA/ATBCA1/ATNIT1/ATGER3",4
"GO:0031012","GO:0031012","extracellular matrix","2/22","21/25052",0.000153038963843436,0.0016834286022778,0.000886015053830419,"ATGER1/ATGER3",2
"GO:0009534","GO:0009534","chloroplast thylakoid","4/22","411/25052",0.000413174104072586,0.00233573890191599,0.00122933626416631,"LHB1B1/NA/ATBCA1/PORA",4
"GO:0031976","GO:0031976","plastid thylakoid","4/22","414/25052",0.000424679800348362,0.00233573890191599,0.00122933626416631,"LHB1B1/NA/ATBCA1/PORA",4
"GO:0042651","GO:0042651","thylakoid membrane","3/22","361/25052",0.00372895776498885,0.0103344607581578,0.00543918987271462,"LHB1B1/NA/ATBCA1",3
"GO:0034357","GO:0034357","photosynthetic membrane","3/22","362/25052",0.00375798573023919,0.0103344607581578,0.00543918987271462,"LHB1B1/NA/ATBCA1",3
"GO:0099503","GO:0099503","secretory vesicle","2/22","173/25052",0.0100024386516251,0.0244504055928613,0.0128686345225586,"NA/ATGER3",2
