"p_val","avg_log2FC","pct.1","pct.2","p_val_adj","gene_ID"
4.32214522413346e-106,0.611725125737605,0.691,0.345,7.72886008979546e-102,"Chir05Ox-b14380.2"
3.25911293223415e-113,1.12619739666448,0.819,0.471,5.8279457454211e-109,"Chir03Ox-b00610.2"
1.2330395532918e-221,1.59491784260539,0.837,0.497,2.2049213291964e-217,"Chir02Ox-b20340.2"
0,2.74578332907941,0.927,0.498,0,"Chir05Ox-b05920.2"
0,2.13729990069707,0.963,0.57,0,"Chir05Ox-b29240.2"
7.25225194808359e-263,1.63112822962359,0.916,0.597,1.29684769335631e-258,"Chir01Ox-b41240.2"
0,2.80807447466563,0.978,0.607,0,"Chir05Ox-b03710.2"
1.57611871627684e-275,1.1892293949236,0.945,0.644,2.81841548844624e-271,"Chir07Ox-b35440.2"
