"","ID","Description","GeneRatio","BgRatio","pvalue","p.adjust","qvalue","geneID","Count"
"GO:0009409","GO:0009409","response to cold","7/57","425/21826",0.000115376082819773,0.017371645562296,0.0143053293209025,"ATGRP7/AtGRF5/ATSR2/ATDI21/AtHsp90-7/ATGRP8/TUB8",7
"GO:0010038","GO:0010038","response to metal ion","7/57","437/21826",0.000137048454650707,0.017371645562296,0.0143053293209025,"TOR2/ATGRP7/ATPDI11/AtHsp90-7/CCoAOMT1/PCK1/ATGRP8",7
"GO:0046686","GO:0046686","response to cadmium ion","6/57","318/21826",0.000177261689411183,0.017371645562296,0.0143053293209025,"TOR2/ATGRP7/ATPDI11/AtHsp90-7/CCoAOMT1/PCK1",6
"GO:0009739","GO:0009739","response to gibberellin","4/57","118/21826",0.000257044157931579,0.018892745607971,0.0155579358748061,"AT-EXP1/GAMMA-TIP/AtGRF5/IQD22",4
"GO:0048825","GO:0048825","cotyledon development","3/57","55/21826",0.000402335810935158,0.0236573456829873,0.0194815234768603,"YUC/AtYUC4/AN3",3
"GO:0010073","GO:0010073","meristem maintenance","4/57","144/21826",0.000547213551519633,0.024942390489231,0.0205397415414362,"CRC/AtHsp90-7/ANT/AtYUC4",4
"GO:0048366","GO:0048366","leaf development","6/57","399/21826",0.000593866440219785,0.024942390489231,0.0205397415414362,"JAG/CRC/AtGRF5/YUC/AtYUC4/AN3",6
"GO:0009909","GO:0009909","regulation of flower development","4/57","167/21826",0.000952385724148771,0.0311112669888598,0.0256197329303178,"JAG/PAN/YUC/AtYUC4",4
