"","ID","Description","GeneRatio","BgRatio","pvalue","p.adjust","qvalue","geneID","Count"
"GO:0005089","GO:0005089","Rho guanyl-nucleotide exchange factor activity","2/59","16/21809",0.000842593595746577,0.0458687903159326,0.0402357809788883,"ATROPGEF2/ATROPGEF3",2
"GO:0005088","GO:0005088","Ras guanyl-nucleotide exchange factor activity","2/59","24/21809",0.00191119959649719,0.0458687903159326,0.0402357809788883,"ATROPGEF2/ATROPGEF3",2
"GO:0017048","GO:0017048","Rho GTPase binding","2/59","24/21809",0.00191119959649719,0.0458687903159326,0.0402357809788883,"ATROPGEF2/ATROPGEF3",2
