"","ID","Description","GeneRatio","BgRatio","pvalue","p.adjust","qvalue","geneID","Count"
"GO:0099503","GO:0099503","secretory vesicle","2/38","173/25052",0.0283292032722222,0.198304422905555,0.178921283824561,"ATHCHIB/ATPCB",2
"GO:0000139","GO:0000139","Golgi membrane","1/38","104/25052",0.146318687139247,0.426527639006422,0.384836967524591,"AtYUC4",1
"GO:0009505","GO:0009505","plant-type cell wall","1/38","235/25052",0.301211365088477,0.426527639006422,0.384836967524591,"ATPCB",1
"GO:0005789","GO:0005789","endoplasmic reticulum membrane","1/38","293/25052",0.360703817085701,0.426527639006422,0.384836967524591,"AtYUC4",1
"GO:0042175","GO:0042175","nuclear outer membrane-endoplasmic reticulum membrane network","1/38","298/25052",0.365595119148361,0.426527639006422,0.384836967524591,"AtYUC4",1
"GO:0048046","GO:0048046","apoplast","1/38","298/25052",0.365595119148361,0.426527639006422,0.384836967524591,"ATPCB",1
"GO:0005654","GO:0005654","nucleoplasm","1/38","473/25052",0.515611432263953,0.515611432263953,0.465213322343416,"AtYUC4",1
