"","ID","Description","GeneRatio","BgRatio","pvalue","p.adjust","qvalue","geneID","Count"
"GO:0102336","GO:0102336","3-oxo-arachidoyl-CoA synthase activity","2/33","23/21809",0.000550671734919585,0.00784707222260409,0.0044923220480282,"CER60/AtCER6",2
"GO:0102337","GO:0102337","3-oxo-cerotoyl-CoA synthase activity","2/33","23/21809",0.000550671734919585,0.00784707222260409,0.0044923220480282,"CER60/AtCER6",2
"GO:0102338","GO:0102338","3-oxo-lignoceronyl-CoA synthase activity","2/33","23/21809",0.000550671734919585,0.00784707222260409,0.0044923220480282,"CER60/AtCER6",2
"GO:0102756","GO:0102756","very-long-chain 3-ketoacyl-CoA synthase activity","2/33","23/21809",0.000550671734919585,0.00784707222260409,0.0044923220480282,"CER60/AtCER6",2
"GO:0005199","GO:0005199","structural constituent of cell wall","2/33","31/21809",0.00100447196015083,0.0114509803457195,0.00655550121361594,"AT-EXP10/ATGRP-5",2
"GO:0016829","GO:0016829","lyase activity","4/33","343/21809",0.00171612819537693,0.0163032178560808,0.00933332878187453,"CER1/ACS11/ATECI3/CER3",4
"GO:0005319","GO:0005319","lipid transporter activity","2/33","70/21809",0.0050281507732838,0.0409435134395967,0.0234394998453831,"ATSFH3/ORP4C",2
