"","ID","Description","GeneRatio","BgRatio","pvalue","p.adjust","qvalue","geneID","Count"
"GO:0010088","GO:0010088","phloem development","2/35","12/21826",0.000163224042399114,0.0165427189756107,0.0129246038312373,"APL/DAR2",2
"GO:0048579","GO:0048579","negative regulation of long-day photoperiodism, flowering","2/35","13/21826",0.000192706863086783,0.0165427189756107,0.0129246038312373,"CDF5/EFM",2
"GO:0003008","GO:0003008","system process","2/35","21/21826",0.000514662368130109,0.0165427189756107,0.0129246038312373,"ATSUC2/NAKR1",2
"GO:0003013","GO:0003013","circulatory system process","2/35","21/21826",0.000514662368130109,0.0165427189756107,0.0129246038312373,"ATSUC2/NAKR1",2
"GO:0003018","GO:0003018","vascular process in circulatory system","2/35","21/21826",0.000514662368130109,0.0165427189756107,0.0129246038312373,"ATSUC2/NAKR1",2
"GO:0010232","GO:0010232","vascular transport","2/35","21/21826",0.000514662368130109,0.0165427189756107,0.0129246038312373,"ATSUC2/NAKR1",2
"GO:0010233","GO:0010233","phloem transport","2/35","21/21826",0.000514662368130109,0.0165427189756107,0.0129246038312373,"ATSUC2/NAKR1",2
