"","ID","Description","GeneRatio","BgRatio","pvalue","p.adjust","qvalue","geneID","Count"
"GO:0008017","GO:0008017","microtubule binding","17/47","162/21809",6.10648396025082e-25,3.96921457416303e-23,2.44259358410033e-23,"DRP5A/ZCF125/NA/NA/POK2/NA/KINESIN-12B/NA/ATK5/CORD3/NA/NA/ADL1/ATMAP65-3/NA/NA/ATEB1C",17
"GO:0003777","GO:0003777","microtubule motor activity","12/47","65/21809",8.07267072068269e-21,1.31180899211094e-19,8.0726707206827e-20,"ZCF125/NA/NA/POK2/NA/KINESIN-12B/NA/ATK5/NA/NA/NA/NA",12
"GO:0030332","GO:0030332","cyclin binding","3/47","10/21809",1.11377811387217e-06,1.20659295669485e-05,7.42518742581448e-06,"CDKB2;2/CDKB2;1/CDC2B",3
"GO:0008353","GO:0008353","RNA polymerase II CTD heptapeptide repeat kinase activity","3/47","28/21809",2.95892522005449e-05,0.000213700154781713,0.000131507787557977,"CDKB2;2/CDKB2;1/CDC2B",3
"GO:0004693","GO:0004693","cyclin-dependent protein serine/threonine kinase activity","3/47","33/21809",4.89081865627349e-05,0.000289002920597979,0.000177847951137218,"CDKB2;2/CDKB2;1/CDC2B",3
"GO:0097472","GO:0097472","cyclin-dependent protein kinase activity","3/47","33/21809",4.89081865627349e-05,0.000289002920597979,0.000177847951137218,"CDKB2;2/CDKB2;1/CDC2B",3
"GO:0019901","GO:0019901","protein kinase binding","3/47","92/21809",0.0010298462844996,0.00557833404103951,0.003432820948332,"CKS2/ADL1/ANQ1",3
"GO:0016538","GO:0016538","cyclin-dependent protein serine/threonine kinase regulator activity","2/47","53/21809",0.00584073994861555,0.0271177211900008,0.0166878284246159,"CYCA1;1/CKS2",2
"GO:0003924","GO:0003924","GTPase activity","3/47","193/21809",0.00831361225926627,0.0360256531234871,0.0221696326913767,"DRP5A/TBB7/ADL1",3
