"","ID","Description","GeneRatio","BgRatio","pvalue","p.adjust","qvalue","geneID","Count"
"GO:0016021","GO:0016021","integral component of membrane","2/20","418/25052",0.0432912948204464,0.129873884461339,0.0911395680430449,"ABCB4/ABCB9",2
"GO:0009505","GO:0009505","plant-type cell wall","1/20","235/25052",0.171855070298971,0.212917967036812,0.149416117218815,"sks9",1
"GO:0048046","GO:0048046","apoplast","1/20","298/25052",0.212917967036812,0.212917967036812,0.149416117218815,"AtPMEI11",1
