"","ID","Description","GeneRatio","BgRatio","pvalue","p.adjust","qvalue","geneID","Count"
"GO:0048653","GO:0048653","anther development","7/154","80/21895",1.5348802569024e-06,0.00100227680775727,0.000919312490713124,"SRS5/ROXY1/AtSTY1/ADR/SRS2/LRP1/SHI",7
"GO:0006820","GO:0006820","anion transport","10/154","299/21895",5.27697039950376e-05,0.00861465417718989,0.00790156883504642,"AtNPF2.13/SEL1/NIP6/AtNIP5;1/CLT3/AtLHT1/ATNRT3.1/ATNRT2.3/AtNPF2.11/AAP4",10
"GO:1905392","GO:1905392","plant organ morphogenesis","12/154","448/21895",8.10950616149261e-05,0.00911111423394243,0.0083569339874478,"AIR3/ICK1/DROP1/TCP10/NGA1/ROXY1/ATAIG1/ATPSK3/ATHB51/AGAL2/TCP5/ATPSK5",12
"GO:0010016","GO:0010016","shoot system morphogenesis","8/154","201/21895",9.11734742968101e-05,0.00911111423394243,0.0083569339874478,"CYP711A1/TCP10/NGA1/ATHB51/AGAL2/TCP5/PXY/ERL1",8
"GO:0009938","GO:0009938","negative regulation of gibberellic acid mediated signaling pathway","3/154","16/21895",0.000178665621745652,0.0110674474859629,0.0101513300870684,"AtSTY1/SRS2/SHI",3
"GO:0048646","GO:0048646","anatomical structure formation involved in morphogenesis","8/154","223/21895",0.000186434796853893,0.0110674474859629,0.0101513300870684,"ATEXPB1/ICK1/CYP711A1/TCP10/ATEXP4/ROXY1/ATHB51/PXY",8
"GO:0010089","GO:0010089","xylem development","4/154","43/21895",0.000234621277444666,0.0127673078476139,0.0117104830584224,"IRX11/ANAC037/ANAC076/PXY",4
"GO:0072348","GO:0072348","sulfur compound transport","3/154","22/21895",0.000476348286192424,0.0207370287255769,0.0190205034977887,"SEL1/CLT3/AtNPF2.11",3
"GO:2000652","GO:2000652","regulation of secondary cell wall biogenesis","3/154","30/21895",0.00120514173735259,0.0437198641384024,0.0401009151200951,"IRX11/ANAC037/ANAC076",3
