"","ID","Description","GeneRatio","BgRatio","pvalue","p.adjust","qvalue","geneID","Count"
"GO:0004364","GO:0004364","glutathione transferase activity","4/73","59/21809",4.57390724215842e-05,0.00452816816973683,0.00394800414586306,"ATGSTU26/ATGSTU13/ATGSTF5/ATGSTU27",4
"GO:0015020","GO:0015020","glucuronosyltransferase activity","2/73","21/21809",0.00222705816518771,0.0377825596750445,0.032941731986748,"AtUGT85A2/ATUGT85A1",2
"GO:0102336","GO:0102336","3-oxo-arachidoyl-CoA synthase activity","2/73","23/21809",0.00267149411843749,0.0377825596750445,0.032941731986748,"KCS8/KCS16",2
"GO:0102337","GO:0102337","3-oxo-cerotoyl-CoA synthase activity","2/73","23/21809",0.00267149411843749,0.0377825596750445,0.032941731986748,"KCS8/KCS16",2
"GO:0102338","GO:0102338","3-oxo-lignoceronyl-CoA synthase activity","2/73","23/21809",0.00267149411843749,0.0377825596750445,0.032941731986748,"KCS8/KCS16",2
"GO:0102756","GO:0102756","very-long-chain 3-ketoacyl-CoA synthase activity","2/73","23/21809",0.00267149411843749,0.0377825596750445,0.032941731986748,"KCS8/KCS16",2
