"","ID","Description","GeneRatio","BgRatio","pvalue","p.adjust","qvalue","geneID","Count"
"GO:0048046","GO:0048046","apoplast","3/42","298/25052",0.0135868912929152,0.0282696856846424,0.0059515127757142,"ATGSTF10/NA/AtPRX71",3
"GO:0005777","GO:0005777","peroxisome","3/42","324/25052",0.0169618114107855,0.0282696856846424,0.0059515127757142,"ATSEH/ATGSTF10/EVR",3
"GO:0042579","GO:0042579","microbody","3/42","324/25052",0.0169618114107855,0.0282696856846424,0.0059515127757142,"ATSEH/ATGSTF10/EVR",3
"GO:0099503","GO:0099503","secretory vesicle","2/42","173/25052",0.0340818310988899,0.0426022888736124,0.0089689029207605,"AtXTH22/AtPRX71",2
