"","ID","Description","GeneRatio","BgRatio","pvalue","p.adjust","qvalue","geneID","Count"
"GO:0042389","GO:0042389","omega-3 fatty acid desaturase activity","2/42","12/21809",0.000236055606548243,0.0121545288719842,0.00931926190314582,"ADS1/NA",2
"GO:0102336","GO:0102336","3-oxo-arachidoyl-CoA synthase activity","2/42","23/21809",0.00089280361258406,0.0121545288719842,0.00931926190314582,"FDH/KCS19",2
"GO:0102337","GO:0102337","3-oxo-cerotoyl-CoA synthase activity","2/42","23/21809",0.00089280361258406,0.0121545288719842,0.00931926190314582,"FDH/KCS19",2
"GO:0102338","GO:0102338","3-oxo-lignoceronyl-CoA synthase activity","2/42","23/21809",0.00089280361258406,0.0121545288719842,0.00931926190314582,"FDH/KCS19",2
"GO:0102756","GO:0102756","very-long-chain 3-ketoacyl-CoA synthase activity","2/42","23/21809",0.00089280361258406,0.0121545288719842,0.00931926190314582,"FDH/KCS19",2
"GO:0016705","GO:0016705","oxidoreductase activity, acting on paired donors, with incorporation or reduction of molecular oxygen","5/42","392/21809",0.000900335471998833,0.0121545288719842,0.00931926190314582,"ADS1/NA/ATT1/CBB3/ATFLS1",5
