"","ID","Description","GeneRatio","BgRatio","pvalue","p.adjust","qvalue","geneID","Count"
"GO:0009705","GO:0009705","plant-type vacuole membrane","1/25","129/25052",0.121137518065302,0.258669378180469,0.258669378180469,"AtSWEET17",1
"GO:0099503","GO:0099503","secretory vesicle","1/25","173/25052",0.159134103009676,0.258669378180469,0.258669378180469,"AT-BETA-AMY",1
"GO:0000325","GO:0000325","plant-type vacuole","1/25","177/25052",0.162509037138892,0.258669378180469,0.258669378180469,"AtSWEET17",1
"GO:0005789","GO:0005789","endoplasmic reticulum membrane","1/25","293/25052",0.254914976658202,0.258669378180469,0.258669378180469,"PILS3",1
"GO:0042175","GO:0042175","nuclear outer membrane-endoplasmic reticulum membrane network","1/25","298/25052",0.258669378180469,0.258669378180469,0.258669378180469,"PILS3",1
