"","ID","Description","GeneRatio","BgRatio","pvalue","p.adjust","qvalue","geneID","Count"
"GO:0080031","GO:0080031","methyl salicylate esterase activity","1/8","19/21809",0.00694949695444513,0.0347474847722257,0.0195073598721267,"ATMES17",1
"GO:0080032","GO:0080032","methyl jasmonate esterase activity","1/8","19/21809",0.00694949695444513,0.0347474847722257,0.0195073598721267,"ATMES17",1
"GO:0080161","GO:0080161","auxin transmembrane transporter activity","1/8","19/21809",0.00694949695444513,0.0347474847722257,0.0195073598721267,"LAX3",1
"GO:0080030","GO:0080030","methyl indole-3-acetate esterase activity","1/8","36/21809",0.0131316098906147,0.0492435370898051,0.0276454945065572,"ATMES17",1
