"","ID","Description","GeneRatio","BgRatio","pvalue","p.adjust","qvalue","geneID","Count"
"GO:0019887","GO:0019887","protein kinase regulator activity","7/68","91/21809",1.37296300408318e-08,6.97859383436834e-07,5.19862860535941e-07,"AtTPX2/CYCB2;1/CYC2/CYCB2;2/CYC1/CYC1BAT/NA",7
"GO:0019207","GO:0019207","kinase regulator activity","7/68","97/21809",2.1472596413441e-08,6.97859383436834e-07,5.19862860535941e-07,"AtTPX2/CYCB2;1/CYC2/CYCB2;2/CYC1/CYC1BAT/NA",7
"GO:0008092","GO:0008092","cytoskeletal protein binding","7/68","308/21809",4.85426018455885e-05,0.00063105382399265,0.000470096775767804,"NET3A/AtTPX2/ATNACK1/CORD4/EDE1/MadA1/NA",7
"GO:0009055","GO:0009055","electron transfer activity","5/68","159/21809",0.0001391979881495,0.0014106799501884,0.00105087089406747,"AtENODL14/AtENODL15/NA/NA/AtENODL13",5
"GO:0010997","GO:0010997","anaphase-promoting complex binding","2/68","10/21809",0.000424162940863896,0.00275705911561533,0.0020538416083936,"AtCDC20.1/CCS52B",2
