"","ID","Description","GeneRatio","BgRatio","pvalue","p.adjust","qvalue","geneID","Count"
"GO:0010380","GO:0010380","regulation of chlorophyll biosynthetic process","2/24","21/21826",0.000240262043743723,0.0224237021186055,0.0148068726360961,"ELIP/CGA1",2
"GO:1901463","GO:1901463","regulation of tetrapyrrole biosynthetic process","2/24","22/21826",0.000264110803476645,0.0224237021186055,0.0148068726360961,"ELIP/CGA1",2
"GO:0090056","GO:0090056","regulation of chlorophyll metabolic process","2/24","27/21826",0.000399966017865276,0.0224237021186055,0.0148068726360961,"ELIP/CGA1",2
"GO:1901401","GO:1901401","regulation of tetrapyrrole metabolic process","2/24","29/21826",0.000462017930408314,0.0224237021186055,0.0148068726360961,"ELIP/CGA1",2
"GO:0007623","GO:0007623","circadian rhythm","3/24","149/21826",0.000568035028572509,0.0224237021186055,0.0148068726360961,"CRB/ATFSD1/CGA1",3
"GO:0048511","GO:0048511","rhythmic process","3/24","149/21826",0.000568035028572509,0.0224237021186055,0.0148068726360961,"CRB/ATFSD1/CGA1",3
"GO:0009642","GO:0009642","response to light intensity","3/24","150/21826",0.000579210017823757,0.0224237021186055,0.0148068726360961,"EXGT-A1/ELIP/ATFSD1",3
