"","ID","Description","GeneRatio","BgRatio","pvalue","p.adjust","qvalue","geneID","Count"
"GO:0080008","GO:0080008","Cul4-RING E3 ubiquitin ligase complex","1/23","130/25052",0.11282693685059,0.254687327412508,0.254687327412508,"EFO1",1
"GO:0099503","GO:0099503","secretory vesicle","1/23","173/25052",0.147388127118504,0.254687327412508,0.254687327412508,"PLAT2",1
"GO:0031461","GO:0031461","cullin-RING ubiquitin ligase complex","1/23","241/25052",0.1994282092435,0.254687327412508,0.254687327412508,"EFO1",1
"GO:0048046","GO:0048046","apoplast","1/23","298/25052",0.240695820332454,0.254687327412508,0.254687327412508,"AtPNP-A",1
"GO:0000151","GO:0000151","ubiquitin ligase complex","1/23","318/25052",0.254687327412508,0.254687327412508,0.254687327412508,"EFO1",1
