"","ID","Description","GeneRatio","BgRatio","pvalue","p.adjust","qvalue","geneID","Count"
"GO:0031312","GO:0031312","extrinsic component of organelle membrane","2/30","14/25052",0.000125028658180435,0.00112525792362391,0.000394827341622425,"A11/DFR",2
"GO:0009705","GO:0009705","plant-type vacuole membrane","3/30","129/25052",0.000489172141849965,0.00220127463832484,0.000772377066078893,"A11/ATCHS/ATGSTF12",3
"GO:0000325","GO:0000325","plant-type vacuole","3/30","177/25052",0.00122343733181597,0.00367031199544792,0.0012878287703326,"A11/ATCHS/ATGSTF12",3
"GO:0019898","GO:0019898","extrinsic component of membrane","2/30","76/25052",0.00373934286388866,0.00841352144374948,0.00295211278728052,"A11/DFR",2
