"","ID","Description","GeneRatio","BgRatio","pvalue","p.adjust","qvalue","geneID","Count"
"GO:0016881","GO:0016881","acid-amino acid ligase activity","2/28","31/21809",0.000722299885789825,0.0158905974873762,0.00912378803102937,"GH3.17/GH3.3",2
"GO:0035091","GO:0035091","phosphatidylinositol binding","2/28","86/21809",0.00543536360462986,0.039859333100619,0.0228857414931784,"FKD1/FL6",2
