"","ID","Description","GeneRatio","BgRatio","pvalue","p.adjust","qvalue","geneID","Count"
"GO:0045177","GO:0045177","apical part of cell","2/33","25/25052",0.000495313386246427,0.00297188031747856,0.00156414753551503,"ATPIN1/OPS",2
"GO:0098590","GO:0098590","plasma membrane region","2/33","61/25052",0.00293321849930889,0.00879965549792666,0.00463139763048772,"ATPIN1/OPS",2
