"","ID","Description","GeneRatio","BgRatio","pvalue","p.adjust","qvalue","geneID","Count"
"GO:0045177","GO:0045177","apical part of cell","2/33","25/25052",0.000495313386246427,0.00297188031747856,0.00156414753551503,"ATPIN1/OPS",2
"GO:0098590","GO:0098590","plasma membrane region","2/33","61/25052",0.00293321849930889,0.00879965549792666,0.00463139763048772,"ATPIN1/OPS",2
"GO:0016324","GO:0016324","apical plasma membrane","1/33","22/25052",0.0285942162759825,0.0571884325519649,0.03009917502735,"OPS",1
"GO:0009505","GO:0009505","plant-type cell wall","1/33","235/25052",0.267445040982696,0.401167561474044,0.211140821828444,"ATPIN1",1
"GO:0005802","GO:0005802","trans-Golgi network","1/33","312/25052",0.338887892328012,0.404352245853262,0.212816971501717,"FKD1",1
"GO:0098791","GO:0098791","Golgi apparatus subcompartment","1/33","390/25052",0.404352245853262,0.404352245853262,0.212816971501717,"FKD1",1
