"","ID","Description","GeneRatio","BgRatio","pvalue","p.adjust","qvalue","geneID","Count"
"GO:0080043","GO:0080043","quercetin 3-O-glucosyltransferase activity","3/38","64/21875",0.000187280500335193,0.00520822246115629,0.00315830423845862,"BRT1/NA/UGT78D2",3
"GO:0016872","GO:0016872","intramolecular lyase activity","2/38","12/21875",0.000191817099067848,0.00520822246115629,0.00315830423845862,"A11/AtCHIL",2
"GO:0016616","GO:0016616","oxidoreductase activity, acting on the CH-OH group of donors, NAD or NADP as acceptor","4/38","168/21875",0.000202098770110509,0.00520822246115629,0.00315830423845862,"NA/ATCAD4/NA/DFR",4
"GO:0016207","GO:0016207","4-coumarate-CoA ligase activity","2/38","13/21875",0.000226444454832882,0.00520822246115629,0.00315830423845862,"4CL.1/4CL3",2
"GO:0016747","GO:0016747","transferase activity, transferring acyl groups other than amino-acyl groups","5/38","371/21875",0.000432688583220944,0.00663455827605448,0.0040232447211772,"NA/SCPL9/AT5MAT/ATCHS/KAT5",5
"GO:0008194","GO:0008194","UDP-glycosyltransferase activity","4/38","280/21875",0.00137694917140076,0.0140754804187633,0.00853547439581757,"BRT1/NA/UGT78D2/UF3GT",4
"GO:0016706","GO:0016706","2-oxoglutarate-dependent dioxygenase activity","2/38","57/21875",0.00441562519174532,0.026643804886915,0.016156998386802,"F3'H/ANS",2
"GO:0016705","GO:0016705","oxidoreductase activity, acting on paired donors, with incorporation or reduction of molecular oxygen","4/38","392/21875",0.00463370519772434,0.026643804886915,0.016156998386802,"F3'H/ANS/CYP84A1/CYP75B1",4
