"","ID","Description","GeneRatio","BgRatio","pvalue","p.adjust","qvalue","geneID","Count"
"GO:0019887","GO:0019887","protein kinase regulator activity","9/45","91/21809",2.00186557926334e-13,1.48327926782079e-11,9.90122232691671e-12,"AtTPX2/CYCB2;3/CYCB2;4/CYCB2;1/CYC2/CYCB2;2/CYC1/CYC1BAT/NA",9
"GO:0019207","GO:0019207","kinase regulator activity","9/45","97/21809",3.61775431175803e-13,1.48327926782079e-11,9.90122232691671e-12,"AtTPX2/CYCB2;3/CYCB2;4/CYCB2;1/CYC2/CYCB2;2/CYC1/CYC1BAT/NA",9
"GO:0008017","GO:0008017","microtubule binding","10/45","162/21809",9.85819610567942e-13,2.69457360221904e-11,1.79868841226432e-11,"AtTPX2/ATNACK1/RSW7/EDE1/NA/PAKRP2/NA/NA/NA/NA",10
"GO:0003777","GO:0003777","microtubule motor activity","6/45","65/21809",4.11490676096064e-09,4.82031934855389e-08,3.21767145217975e-08,"ATNACK1/RSW7/NA/PAKRP2/NA/NA",6
