"","ID","Description","GeneRatio","BgRatio","pvalue","p.adjust","qvalue","geneID","Count"
"GO:0005089","GO:0005089","Rho guanyl-nucleotide exchange factor activity","2/67","16/21809",0.00108510385368794,0.044216757653511,0.0377523194000737,"ATROPGEF2/ATROPGEF3",2
"GO:0001228","GO:0001228","DNA-binding transcription activator activity, RNA polymerase II-specific","3/67","69/21809",0.00125612525153459,0.044216757653511,0.0377523194000737,"NA/bhlh68/DROP2",3
"GO:0001216","GO:0001216","DNA-binding transcription activator activity","3/67","74/21809",0.00153723074873181,0.044216757653511,0.0377523194000737,"NA/bhlh68/DROP2",3
"GO:0005088","GO:0005088","Ras guanyl-nucleotide exchange factor activity","2/67","24/21809",0.00245648653630617,0.044216757653511,0.0377523194000737,"ATROPGEF2/ATROPGEF3",2
"GO:0017048","GO:0017048","Rho GTPase binding","2/67","24/21809",0.00245648653630617,0.044216757653511,0.0377523194000737,"ATROPGEF2/ATROPGEF3",2
