"","ID","Description","GeneRatio","BgRatio","pvalue","p.adjust","qvalue","geneID","Count"
"GO:0008017","GO:0008017","microtubule binding","10/82","162/21809",5.22557908193651e-10,3.9046588853291e-08,3.03369487331334e-08,"AtTPX2/ATNACK1/NA/CORD4/RSW7/NA/EDE1/PAKRP2/NA/NA",10
"GO:0015631","GO:0015631","tubulin binding","10/82","174/21809",1.05054184659787e-09,3.9046588853291e-08,3.03369487331334e-08,"AtTPX2/ATNACK1/NA/CORD4/RSW7/NA/EDE1/PAKRP2/NA/NA",10
"GO:0008092","GO:0008092","cytoskeletal protein binding","12/82","308/21809",1.74312315162603e-09,3.9046588853291e-08,3.03369487331334e-08,"NET3A/AtTPX2/ATNACK1/NA/CORD4/RSW7/NA/EDE1/MadA1/PAKRP2/NA/NA",12
"GO:0019887","GO:0019887","protein kinase regulator activity","8/82","91/21809",1.85936137396624e-09,3.9046588853291e-08,3.03369487331334e-08,"AtTPX2/CYCB2;4/CYCB2;1/CYC2/CYCB2;2/CYC1/CYC1BAT/NA",8
"GO:0003777","GO:0003777","microtubule motor activity","5/82","65/21809",4.59634206318735e-06,5.51561047582482e-05,4.28531139725738e-05,"ATNACK1/NA/RSW7/NA/PAKRP2",5
"GO:0009055","GO:0009055","electron transfer activity","5/82","159/21809",0.000335719092459195,0.00235003364721436,0.00182584067828685,"AtENODL14/AtENODL15/NA/NA/AtENODL13",5
"GO:0010997","GO:0010997","anaphase-promoting complex binding","2/82","10/21809",0.000616254758558349,0.00369752855135009,0.00287276654365546,"AtCDC20.1/CCS52B",2
