"","ID","Description","GeneRatio","BgRatio","pvalue","p.adjust","qvalue","geneID","Count"
"GO:0009505","GO:0009505","plant-type cell wall","7/63","235/25052",2.06879217793926e-06,6.41325575161171e-05,5.22642234426761e-05,"SCPL45/AT-EXP1/LCR69/NA/ATPDI11/PRXR1/BGLC1",7
"GO:0099503","GO:0099503","secretory vesicle","4/63","173/25052",0.000952526028328845,0.0147641534390971,0.0120319077262591,"AtCRT1b/NA/ATPDI11/AtHsp90-7",4
