"","ID","Description","GeneRatio","BgRatio","pvalue","p.adjust","qvalue","geneID","Count"
"GO:0009739","GO:0009739","response to gibberellin","5/64","118/21826",2.50688562514806e-05,0.00834792913174304,0.00715122109910657,"AT-EXP1/GAMMA-TIP/AtGRF5/IQD22/CGA1",5
"GO:0009409","GO:0009409","response to cold","7/64","425/21826",0.00024122575853993,0.0401640887968983,0.0344064108233268,"ATGRP7/AtGRF5/ATSR2/ATDI21/AtHsp90-7/ATGRP8/TUB8",7
