"","ID","Description","GeneRatio","BgRatio","pvalue","p.adjust","qvalue","geneID","Count"
"GO:0009505","GO:0009505","plant-type cell wall","1/23","235/25052",0.194961538676982,0.362866850471527,0.362866850471527,"ATEXP4",1
"GO:0005730","GO:0005730","nucleolus","1/23","486/25052",0.362866850471527,0.362866850471527,0.362866850471527,"TPPJ",1
