"","ID","Description","GeneRatio","BgRatio","pvalue","p.adjust","qvalue","geneID","Count"
"GO:0099503","GO:0099503","secretory vesicle","2/37","173/25052",0.0269585093192716,0.188709565234901,0.170264269384873,"ATHCHIB/ATPCB",2
"GO:0000139","GO:0000139","Golgi membrane","1/37","104/25052",0.142754685030238,0.41760416810612,0.376785715584469,"AtYUC4",1
"GO:0009505","GO:0009505","plant-type cell wall","1/37","235/25052",0.294584434934958,0.41760416810612,0.376785715584469,"ATPCB",1
"GO:0005789","GO:0005789","endoplasmic reticulum membrane","1/37","293/25052",0.353127011746574,0.41760416810612,0.376785715584469,"AtYUC4",1
"GO:0042175","GO:0042175","nuclear outer membrane-endoplasmic reticulum membrane network","1/37","298/25052",0.357946429805246,0.41760416810612,0.376785715584469,"AtYUC4",1
"GO:0048046","GO:0048046","apoplast","1/37","298/25052",0.357946429805246,0.41760416810612,0.376785715584469,"ATPCB",1
"GO:0005654","GO:0005654","nucleoplasm","1/37","473/25052",0.50627577125266,0.50627577125266,0.456790169551272,"AtYUC4",1
