"","ID","Description","GeneRatio","BgRatio","pvalue","p.adjust","qvalue","geneID","Count"
"GO:0020037","GO:0020037","heme binding","5/36","370/21809",0.000334594792277772,0.00550704317193634,0.00394681705491518,"CYP86A4/CYP78A5/ATPCB/ROT3/CBB3",5
"GO:0016705","GO:0016705","oxidoreductase activity, acting on paired donors, with incorporation or reduction of molecular oxygen","5/36","392/21809",0.000435777746596038,0.00550704317193634,0.00394681705491518,"CYP86A4/CYP78A5/ROT3/CBB3/AtYUC4",5
"GO:0046906","GO:0046906","tetrapyrrole binding","5/36","393/21809",0.000440869874791529,0.00550704317193634,0.00394681705491518,"CYP86A4/CYP78A5/ATPCB/ROT3/CBB3",5
"GO:0004497","GO:0004497","monooxygenase activity","4/36","221/21809",0.000468684525271178,0.00550704317193634,0.00394681705491518,"CYP86A4/ROT3/CBB3/AtYUC4",4
"GO:0015112","GO:0015112","nitrate transmembrane transporter activity","2/36","27/21809",0.000906040986836676,0.00851678527626476,0.0061038550692155,"AtNPF1.2/NRT1.12",2
"GO:0005506","GO:0005506","iron ion binding","4/36","324/21809",0.00193603912627529,0.0151656398224897,0.0108689915861069,"CYP86A4/CYP78A5/ROT3/CBB3",4
