"","ID","Description","GeneRatio","BgRatio","pvalue","p.adjust","qvalue","geneID","Count"
"GO:0098754","GO:0098754","detoxification","3/20","103/21826",0.000109754737011641,0.00896898912894819,0.00555972425537139,"ATGSTU26/NA/ATGSTF5",3
"GO:0009636","GO:0009636","response to toxic substance","3/20","126/21826",0.000199310869532182,0.00896898912894819,0.00555972425537139,"ATGSTU26/NA/ATGSTF5",3
"GO:0009407","GO:0009407","toxin catabolic process","2/20","46/21826",0.000805922644767067,0.0231551813222244,0.0143535042114374,"ATGSTU26/ATGSTF5",2
"GO:0006081","GO:0006081","cellular aldehyde metabolic process","2/20","52/21826",0.00102911916987664,0.0231551813222244,0.0143535042114374,"NA/ALDH3F1",2
"GO:0009404","GO:0009404","toxin metabolic process","2/20","61/21826",0.00141327769439679,0.0247801079657125,0.0153607686805001,"ATGSTU26/ATGSTF5",2
"GO:0009863","GO:0009863","salicylic acid mediated signaling pathway","2/20","66/21826",0.00165200719771416,0.0247801079657125,0.0153607686805001,"MAT1/ATWRKY62",2
"GO:0019748","GO:0019748","secondary metabolic process","3/20","363/21826",0.0042155106427358,0.0474244947307778,0.0293976400085523,"ATGSTU26/ATGSTF5/SCPL7",3
