"","ID","Description","GeneRatio","BgRatio","pvalue","p.adjust","qvalue","geneID","Count"
"GO:0045177","GO:0045177","apical part of cell","2/32","25/25052",0.000465578977334364,0.00279347386400619,0.00147024940210852,"ATPIN1/OPS",2
"GO:0098590","GO:0098590","plasma membrane region","2/32","61/25052",0.002759759203425,0.008279277610275,0.00435751453172368,"ATPIN1/OPS",2
"GO:0016324","GO:0016324","apical plasma membrane","1/32","22/25052",0.0277393107938662,0.0554786215877323,0.0291992745198591,"OPS",1
"GO:0009505","GO:0009505","plant-type cell wall","1/32","235/25052",0.260499290917371,0.390748936376057,0.205657334934767,"ATPIN1",1
"GO:0005802","GO:0005802","trans-Golgi network","1/32","312/25052",0.330539706412775,0.394920551816834,0.20785292200886,"FKD1",1
"GO:0098791","GO:0098791","Golgi apparatus subcompartment","1/32","390/25052",0.394920551816834,0.394920551816834,0.20785292200886,"FKD1",1
