"","ID","Description","GeneRatio","BgRatio","pvalue","p.adjust","qvalue","geneID","Count"
"GO:0048046","GO:0048046","apoplast","3/40","298/25052",0.011897927394561,0.0247925689184788,0.00521948819336395,"ATGSTF10/NA/AtPRX71",3
"GO:0005777","GO:0005777","peroxisome","3/40","324/25052",0.0148755413510873,0.0247925689184788,0.00521948819336395,"ATSEH/ATGSTF10/EVR",3
"GO:0042579","GO:0042579","microbody","3/40","324/25052",0.0148755413510873,0.0247925689184788,0.00521948819336395,"ATSEH/ATGSTF10/EVR",3
"GO:0099503","GO:0099503","secretory vesicle","2/40","173/25052",0.031152418498537,0.0389405231231713,0.00819800486803606,"AtXTH22/AtPRX71",2
