"","ID","Description","GeneRatio","BgRatio","pvalue","p.adjust","qvalue","geneID","Count"
"GO:0031225","GO:0031225","anchored component of membrane","2/35","314/25052",0.0710907884205438,0.445293180876347,0.445293180876347,"NA/AGP10",2
"GO:0005887","GO:0005887","integral component of plasma membrane","1/35","97/25052",0.12704700220625,0.445293180876347,0.445293180876347,"ATSUC2",1
"GO:0031226","GO:0031226","intrinsic component of plasma membrane","1/35","271/25052",0.316777816504167,0.445293180876347,0.445293180876347,"ATSUC2",1
"GO:0048046","GO:0048046","apoplast","1/35","298/25052",0.34237224132774,0.445293180876347,0.445293180876347,"ATGSR2",1
"GO:0022626","GO:0022626","cytosolic ribosome","1/35","319/25052",0.361632679852655,0.445293180876347,0.445293180876347,"ATGSR2",1
"GO:0005777","GO:0005777","peroxisome","1/35","324/25052",0.366137088337843,0.445293180876347,0.445293180876347,"NA",1
"GO:0042579","GO:0042579","microbody","1/35","324/25052",0.366137088337843,0.445293180876347,0.445293180876347,"NA",1
"GO:0005840","GO:0005840","ribosome","1/35","388/25052",0.42113620434833,0.445293180876347,0.445293180876347,"ATGSR2",1
"GO:0016021","GO:0016021","integral component of membrane","1/35","418/25052",0.445293180876347,0.445293180876347,0.445293180876347,"ATSUC2",1
