"","ID","Description","GeneRatio","BgRatio","pvalue","p.adjust","qvalue","geneID","Count"
"GO:0010088","GO:0010088","phloem development","2/36","12/21826",0.000172772669807743,0.0175056668194244,0.0131855548908881,"APL/DAR2",2
"GO:0048579","GO:0048579","negative regulation of long-day photoperiodism, flowering","2/36","13/21826",0.000203974015809719,0.0175056668194244,0.0131855548908881,"CDF5/EFM",2
"GO:0003008","GO:0003008","system process","2/36","21/21826",0.000544620745493204,0.0175056668194244,0.0131855548908881,"ATSUC2/NAKR1",2
"GO:0003013","GO:0003013","circulatory system process","2/36","21/21826",0.000544620745493204,0.0175056668194244,0.0131855548908881,"ATSUC2/NAKR1",2
"GO:0003018","GO:0003018","vascular process in circulatory system","2/36","21/21826",0.000544620745493204,0.0175056668194244,0.0131855548908881,"ATSUC2/NAKR1",2
"GO:0010232","GO:0010232","vascular transport","2/36","21/21826",0.000544620745493204,0.0175056668194244,0.0131855548908881,"ATSUC2/NAKR1",2
"GO:0010233","GO:0010233","phloem transport","2/36","21/21826",0.000544620745493204,0.0175056668194244,0.0131855548908881,"ATSUC2/NAKR1",2
