"","ID","Description","GeneRatio","BgRatio","pvalue","p.adjust","qvalue","geneID","Count"
"GO:0102336","GO:0102336","3-oxo-arachidoyl-CoA synthase activity","4/291","23/21875",0.000222503834166255,0.0119578341569905,0.0103901563775573,"KCS3/AtCER6/FDH/KCS20",4
"GO:0102337","GO:0102337","3-oxo-cerotoyl-CoA synthase activity","4/291","23/21875",0.000222503834166255,0.0119578341569905,0.0103901563775573,"KCS3/AtCER6/FDH/KCS20",4
"GO:0102338","GO:0102338","3-oxo-lignoceronyl-CoA synthase activity","4/291","23/21875",0.000222503834166255,0.0119578341569905,0.0103901563775573,"KCS3/AtCER6/FDH/KCS20",4
"GO:0102756","GO:0102756","very-long-chain 3-ketoacyl-CoA synthase activity","4/291","23/21875",0.000222503834166255,0.0119578341569905,0.0103901563775573,"KCS3/AtCER6/FDH/KCS20",4
"GO:0003996","GO:0003996","acyl-CoA ligase activity","3/291","10/21875",0.000260898199788883,0.0119578341569905,0.0103901563775573,"LACS2/LACS3/CER8",3
"GO:0004467","GO:0004467","long-chain fatty acid-CoA ligase activity","3/291","10/21875",0.000260898199788883,0.0119578341569905,0.0103901563775573,"LACS2/LACS3/CER8",3
