"","ID","Description","GeneRatio","BgRatio","pvalue","p.adjust","qvalue","geneID","Count"
"GO:0019748","GO:0019748","secondary metabolic process","6/36","363/21826",2.59478392162053e-05,0.00508577648637624,0.00344150288551776,"ATGSTF3/AtKFB50/GH3.5/PRX52/Rap2.6L/ASFT",6
"GO:0043455","GO:0043455","regulation of secondary metabolic process","3/36","65/21826",0.000167784273218898,0.016442858775452,0.0111267465397795,"AtKFB50/GH3.5/PRX52",3
"GO:0006949","GO:0006949","syncytium formation","2/36","16/21826",0.000312830547302214,0.0204382624237447,0.0138304031438874,"MIOX2/ATEXP4",2
"GO:2000762","GO:2000762","regulation of phenylpropanoid metabolic process","2/36","25/21826",0.000774808730508878,0.037965627794935,0.0256910263273996,"AtKFB50/PRX52",2
"GO:0009698","GO:0009698","phenylpropanoid metabolic process","3/36","133/21826",0.00136342759746855,0.0445386348506394,0.0301389258387786,"AtKFB50/PRX52/ASFT",3
