"","ID","Description","GeneRatio","BgRatio","pvalue","p.adjust","qvalue","geneID","Count"
"GO:0031012","GO:0031012","extracellular matrix","1/25","21/25052",0.0207568015934592,0.0622704047803775,0.0436985296704403,"ATPSK5",1
"GO:0009505","GO:0009505","plant-type cell wall","1/25","235/25052",0.210008056526583,0.315012084789874,0.221061112133245,"ATEXP4",1
"GO:0005730","GO:0005730","nucleolus","1/25","486/25052",0.387370146473422,0.387370146473422,0.271838699279595,"TPPJ",1
