"","ID","Description","GeneRatio","BgRatio","pvalue","p.adjust","qvalue","geneID","Count"
"GO:0042802","GO:0042802","identical protein binding","11/110","386/21809",4.12188689485023e-06,0.000453407558433525,0.000407849861174654,"ARF5/BUM/MIF1/IAA26/BP/AXR5/CTPS4/CIK3/PTL/IAA28/AtIAMT1",11
"GO:0000978","GO:0000978","RNA polymerase II cis-regulatory region sequence-specific DNA binding","5/110","111/21809",0.00024968181040956,0.0127271230393558,0.0114483212028655,"KNAT6/AtMYB117/BUM/ATK1/BP",5
"GO:0015035","GO:0015035","protein disulfide oxidoreductase activity","4/110","66/21809",0.000347103355618795,0.0127271230393558,0.0114483212028655,"ROXY1/ATTRX/ROXY20/ROXY2",4
"GO:0008289","GO:0008289","lipid binding","6/110","268/21809",0.00240245072035651,0.0358562233784857,0.0322534449528963,"ATHB-15/AtXYP2/FKD1/FL3/ATHB-8/FL6",6
"GO:0000981","GO:0000981","DNA-binding transcription factor activity, RNA polymerase II-specific","6/110","272/21809",0.00258589700538831,0.0358562233784857,0.0322534449528963,"KNAT6/AtMYB117/BUM/ATK1/BP/DROP2",6
"GO:0010329","GO:0010329","auxin efflux transmembrane transporter activity","2/110","16/21809",0.00288862272311069,0.0358562233784857,0.0322534449528963,"ATPIN1/PIN6",2
