"","ID","Description","GeneRatio","BgRatio","pvalue","p.adjust","qvalue","geneID","Count"
"GO:0009505","GO:0009505","plant-type cell wall","6/54","235/25052",1.13306003631143e-05,0.00033991801089343,0.000262392850514227,"SCPL45/AT-EXP1/LCR69/NA/ATPDI11/BGLC1",6
"GO:0045298","GO:0045298","tubulin complex","2/54","13/25052",0.000350336767072736,0.00525505150609104,0.00405653098715799,"TOR2/TUB8",2
"GO:0099503","GO:0099503","secretory vesicle","4/54","173/25052",0.000530678036096238,0.00530678036096238,0.00409646203302359,"AtCRT1b/NA/ATPDI11/AtHsp90-7",4
