"","ID","Description","GeneRatio","BgRatio","pvalue","p.adjust","qvalue","geneID","Count"
"GO:0103075","GO:0103075","indole-3-pyruvate monooxygenase activity","2/52","11/21809",0.000302488730159376,0.0138060091791286,0.0107264732970673,"YUC/AtYUC4",2
"GO:0016705","GO:0016705","oxidoreductase activity, acting on paired donors, with incorporation or reduction of molecular oxygen","6/52","392/21809",0.000328714504264966,0.0138060091791286,0.0107264732970673,"ATGA2OX2/CYP96A1/AtFAD3/CYP81D11/YUC/AtYUC4",6
"GO:0008810","GO:0008810","cellulase activity","2/52","28/21809",0.0020256975861566,0.0466940342591826,0.0362785729833248,"ATCEL2/ATGH9B1",2
"GO:0005200","GO:0005200","structural constituent of cytoskeleton","2/52","31/21809",0.00248056846881524,0.0466940342591826,0.0362785729833248,"TOR2/TUB8",2
"GO:0005372","GO:0005372","water transmembrane transporter activity","2/52","36/21809",0.00333528816137019,0.0466940342591826,0.0362785729833248,"GAMMA-TIP/PIP2;7",2
"GO:0015250","GO:0015250","water channel activity","2/52","36/21809",0.00333528816137019,0.0466940342591826,0.0362785729833248,"GAMMA-TIP/PIP2;7",2
