"","ID","Description","GeneRatio","BgRatio","pvalue","p.adjust","qvalue","geneID","Count"
"GO:0031225","GO:0031225","anchored component of membrane","7/58","314/25052",7.90372683170174e-06,0.000355667707426578,0.000166394249088458,"PDCB4/AGP17/PDCB5/NA/AtENODL15/AtENODL13/NA",7
"GO:0046658","GO:0046658","anchored component of plasma membrane","5/58","173/25052",5.05072018171843e-05,0.000608942700951959,0.000284885474129571,"PDCB5/NA/AtENODL15/AtENODL13/NA",5
"GO:0099081","GO:0099081","supramolecular polymer","5/58","184/25052",6.76603001057732e-05,0.000608942700951959,0.000284885474129571,"NET3A/NA/CORD4/AtAUR2/AtAUR1",5
"GO:0099512","GO:0099512","supramolecular fiber","5/58","184/25052",6.76603001057732e-05,0.000608942700951959,0.000284885474129571,"NET3A/NA/CORD4/AtAUR2/AtAUR1",5
"GO:0099513","GO:0099513","polymeric cytoskeletal fiber","5/58","184/25052",6.76603001057732e-05,0.000608942700951959,0.000284885474129571,"NET3A/NA/CORD4/AtAUR2/AtAUR1",5
"GO:0000780","GO:0000780","condensed nuclear chromosome, centromeric region","2/58","18/25052",0.000787000972819684,0.00321954943426234,0.00150622195754963,"AtAUR2/AtAUR1",2
