"","ID","Description","GeneRatio","BgRatio","pvalue","p.adjust","qvalue","geneID","Count"
"GO:0016762","GO:0016762","xyloglucan:xyloglucosyl transferase activity","2/39","32/21809",0.00149401723713024,0.0448036067606624,0.027780174343309,"XTH16/XTH9",2
"GO:0005372","GO:0005372","water transmembrane transporter activity","2/39","36/21809",0.00188910056182977,0.0448036067606624,0.027780174343309,"PIP2;6/AtPIP2;1",2
"GO:0015250","GO:0015250","water channel activity","2/39","36/21809",0.00188910056182977,0.0448036067606624,0.027780174343309,"PIP2;6/AtPIP2;1",2
"GO:0045735","GO:0045735","nutrient reservoir activity","2/39","43/21809",0.00268642910799691,0.0448036067606624,0.027780174343309,"ATGER1/ATGER3",2
"GO:0033293","GO:0033293","monocarboxylic acid binding","2/39","46/21809",0.00306874018908646,0.0448036067606624,0.027780174343309,"AtPYL4/DIR1-like",2
"GO:0030145","GO:0030145","manganese ion binding","2/39","52/21809",0.00390507180001267,0.0475117069001541,0.0294593135790429,"ATGER1/ATGER3",2
