"","ID","Description","GeneRatio","BgRatio","pvalue","p.adjust","qvalue","geneID","Count"
"GO:0048046","GO:0048046","apoplast","5/42","298/25052",0.000136604656911103,0.0040981397073331,0.00273209313822206,"NA/ATCAT3/ATBCA1/ATNIT1/ATGER3",5
"GO:0031012","GO:0031012","extracellular matrix","2/42","21/25052",0.000564682533098554,0.00464070909278104,0.00309380606185403,"ATGER1/ATGER3",2
"GO:0009534","GO:0009534","chloroplast thylakoid","5/42","411/25052",0.00059876414669995,0.00464070909278104,0.00309380606185403,"LHB1B1/NA/ATBCA1/CCL/PORA",5
"GO:0031976","GO:0031976","plastid thylakoid","5/42","414/25052",0.000618761212370805,0.00464070909278104,0.00309380606185403,"LHB1B1/NA/ATBCA1/CCL/PORA",5
"GO:0099503","GO:0099503","secretory vesicle","3/42","173/25052",0.00304875813627169,0.0103759100382017,0.00691727335880113,"NA/ATGER3/DIR1-like",3
"GO:0042651","GO:0042651","thylakoid membrane","4/42","361/25052",0.00308209031805966,0.0103759100382017,0.00691727335880113,"LHB1B1/NA/ATBCA1/CCL",4
"GO:0034357","GO:0034357","photosynthetic membrane","4/42","362/25052",0.00311277301146051,0.0103759100382017,0.00691727335880113,"LHB1B1/NA/ATBCA1/CCL",4
