"","ID","Description","GeneRatio","BgRatio","pvalue","p.adjust","qvalue","geneID","Count"
"GO:0031226","GO:0031226","intrinsic component of plasma membrane","2/24","271/25052",0.0275147227548305,0.192603059283814,0.173777196346298,"AST91/AtXYP2",2
"GO:0005887","GO:0005887","integral component of plasma membrane","1/24","97/25052",0.0889431065441899,0.219161669716191,0.197739852375511,"AST91",1
"GO:0009705","GO:0009705","plant-type vacuole membrane","1/24","129/25052",0.116584192222113,0.219161669716191,0.197739852375511,"UMAMIT5",1
"GO:0046658","GO:0046658","anchored component of plasma membrane","1/24","173/25052",0.153281365122759,0.219161669716191,0.197739852375511,"AtXYP2",1
"GO:0000325","GO:0000325","plant-type vacuole","1/24","177/25052",0.15654404979728,0.219161669716191,0.197739852375511,"UMAMIT5",1
"GO:0031225","GO:0031225","anchored component of membrane","1/24","314/25052",0.26129404219402,0.304843049226356,0.275046360204231,"AtXYP2",1
"GO:0016021","GO:0016021","integral component of membrane","1/24","418/25052",0.332364258898268,0.332364258898268,0.299877526825505,"AST91",1
