"","ID","Description","GeneRatio","BgRatio","pvalue","p.adjust","qvalue","geneID","Count"
"GO:0019748","GO:0019748","secondary metabolic process","6/37","363/21826",3.05391857129705e-05,0.00598568039974221,0.00405046042087819,"ATGSTF3/AtKFB50/GH3.5/PRX52/Rap2.6L/ASFT",6
"GO:0043455","GO:0043455","regulation of secondary metabolic process","3/37","65/21826",0.000182201087566685,0.0178557065815351,0.0120828089649486,"AtKFB50/GH3.5/PRX52",3
"GO:0006949","GO:0006949","syncytium formation","2/37","16/21826",0.000330565240176157,0.0215969290248423,0.0146144632498933,"MIOX2/ATEXP4",2
"GO:2000762","GO:2000762","regulation of phenylpropanoid metabolic process","2/37","25/21826",0.000818509090128735,0.040106945416308,0.027140038251637,"AtKFB50/PRX52",2
"GO:0009698","GO:0009698","phenylpropanoid metabolic process","3/37","133/21826",0.00147715974761156,0.0482538850886443,0.0326530049472029,"AtKFB50/PRX52/ASFT",3
