"","ID","Description","GeneRatio","BgRatio","pvalue","p.adjust","qvalue","geneID","Count"
"GO:0009505","GO:0009505","plant-type cell wall","5/47","235/25052",7.74360646339448e-05,0.00170359342194679,0.0012226747047465,"SCPL45/AT-EXP1/LCR69/NA/ATPDI11",5
"GO:0099503","GO:0099503","secretory vesicle","4/47","173/25052",0.000310749805585068,0.00341824786143575,0.00245328793882948,"AtCRT1b/NA/ATPDI11/AtHsp90-7",4
