"","ID","Description","GeneRatio","BgRatio","pvalue","p.adjust","qvalue","geneID","Count"
"GO:0016705","GO:0016705","oxidoreductase activity, acting on paired donors, with incorporation or reduction of molecular oxygen","6/45","392/21809",0.000146170291333672,0.00769336508371806,0.00571643226034779,"ATGA2OX2/CYP96A1/AtFAD3/CYP81D11/YUC/AtYUC4",6
"GO:0103075","GO:0103075","indole-3-pyruvate monooxygenase activity","2/45","11/21809",0.000226275443638767,0.00769336508371806,0.00571643226034779,"YUC/AtYUC4",2
"GO:0008810","GO:0008810","cellulase activity","2/45","28/21809",0.00152081479491963,0.0341123324726793,0.0253466247475016,"ATCEL2/ATGH9B1",2
"GO:0005372","GO:0005372","water transmembrane transporter activity","2/45","36/21809",0.00250825974063818,0.0341123324726793,0.0253466247475016,"GAMMA-TIP/PIP2;7",2
"GO:0015250","GO:0015250","water channel activity","2/45","36/21809",0.00250825974063818,0.0341123324726793,0.0253466247475016,"GAMMA-TIP/PIP2;7",2
