"","ID","Description","GeneRatio","BgRatio","pvalue","p.adjust","qvalue","geneID","Count"
"GO:0020037","GO:0020037","heme binding","10/78","370/21875",7.69031645670436e-07,4.3758367084692e-05,3.31502780944636e-05,"BUS1/ALPHA/NA/ATCB5-C/CYP90D1/CYP83A1/ATR4/CYP79B2/CYP79A2/CYP94B1",10
"GO:0016709","GO:0016709","oxidoreductase activity, acting on paired donors, with incorporation or reduction of molecular oxygen, NAD(P)H as one donor, and incorporation of one atom of oxygen","7/78","146/21875",9.0799093159964e-07,4.3758367084692e-05,3.31502780944636e-05,"BUS1/FMO/CYP90D1/CYP83A1/ATR4/CYP79B2/CYP79A2",7
"GO:0004497","GO:0004497","monooxygenase activity","8/78","221/21875",1.22132502370872e-06,4.3758367084692e-05,3.31502780944636e-05,"BUS1/FMO/CYP90D1/CYP83A1/ATR4/CYP79B2/CYP79A2/CYP94B1",8
"GO:0046906","GO:0046906","tetrapyrrole binding","10/78","393/21875",1.32601112377854e-06,4.3758367084692e-05,3.31502780944636e-05,"BUS1/ALPHA/NA/ATCB5-C/CYP90D1/CYP83A1/ATR4/CYP79B2/CYP79A2/CYP94B1",10
"GO:0005372","GO:0005372","water transmembrane transporter activity","4/78","36/21875",8.07821295354982e-06,0.000177720684978096,0.000134636882559164,"GAMMA-TIP/PIP2;2/AQP1/AtPIP2;1",4
"GO:0015250","GO:0015250","water channel activity","4/78","36/21875",8.07821295354982e-06,0.000177720684978096,0.000134636882559164,"GAMMA-TIP/PIP2;2/AQP1/AtPIP2;1",4
"GO:0005506","GO:0005506","iron ion binding","8/78","324/21875",2.02457776301785e-05,0.000334055330897945,0.000253072220377231,"BUS1/NA/CYP90D1/CYP83A1/ATR4/CYP79B2/CYP79A2/CYP94B1",8
"GO:0015267","GO:0015267","channel activity","4/78","177/21875",0.00371028540089248,0.0489757672917807,0.0371028540089248,"GAMMA-TIP/PIP2;2/AQP1/AtPIP2;1",4
"GO:0022803","GO:0022803","passive transmembrane transporter activity","4/78","177/21875",0.00371028540089248,0.0489757672917807,0.0371028540089248,"GAMMA-TIP/PIP2;2/AQP1/AtPIP2;1",4
