"","ID","Description","GeneRatio","BgRatio","pvalue","p.adjust","qvalue","geneID","Count"
"GO:0001216","GO:0001216","DNA-binding transcription activator activity","8/300","74/21875",7.83893536201619e-06,0.00188134448688389,0.00177407484508787,"NA/AtbHLH112/UKTF1/DROP1/ATBZIP12/NA/bhlh68/DROP2",8
"GO:0032029","GO:0032029","myosin tail binding","3/300","14/21875",0.000830967940659619,0.0332387176263848,0.0313435275862839,"MyoB1/MyoB2/MyoB3",3
"GO:0032036","GO:0032036","myosin heavy chain binding","3/300","14/21875",0.000830967940659619,0.0332387176263848,0.0313435275862839,"MyoB1/MyoB2/MyoB3",3
"GO:0080115","GO:0080115","myosin XI tail binding","3/300","14/21875",0.000830967940659619,0.0332387176263848,0.0313435275862839,"MyoB1/MyoB2/MyoB3",3
"GO:0005507","GO:0005507","copper ion binding","9/300","191/21875",0.00133379752107955,0.0457302007227275,0.0431227769973088,"ANN1/ACO2/sks5/ATMT3/CCH/ATFP6/MT2B/NA/sks17",9
