"","ID","Description","GeneRatio","BgRatio","pvalue","p.adjust","qvalue","geneID","Count"
"GO:0102336","GO:0102336","3-oxo-arachidoyl-CoA synthase activity","4/77","23/21809",1.208501981423e-06,3.08168005262866e-05,2.63962274889761e-05,"KCS8/FDH/KCS16/KCS19",4
"GO:0102337","GO:0102337","3-oxo-cerotoyl-CoA synthase activity","4/77","23/21809",1.208501981423e-06,3.08168005262866e-05,2.63962274889761e-05,"KCS8/FDH/KCS16/KCS19",4
"GO:0102338","GO:0102338","3-oxo-lignoceronyl-CoA synthase activity","4/77","23/21809",1.208501981423e-06,3.08168005262866e-05,2.63962274889761e-05,"KCS8/FDH/KCS16/KCS19",4
"GO:0102756","GO:0102756","very-long-chain 3-ketoacyl-CoA synthase activity","4/77","23/21809",1.208501981423e-06,3.08168005262866e-05,2.63962274889761e-05,"KCS8/FDH/KCS16/KCS19",4
"GO:0004364","GO:0004364","glutathione transferase activity","4/77","59/21809",5.64125561488971e-05,0.0011508161454375,0.000985735191654413,"ATGSTU26/ATGSTU13/ATGSTF5/ATGSTU27",4
"GO:0015020","GO:0015020","glucuronosyltransferase activity","2/77","21/21809",0.00247385379990842,0.0315416359488324,0.0270170875516315,"AtUGT85A2/ATUGT85A1",2
