"","ID","Description","GeneRatio","BgRatio","pvalue","p.adjust","qvalue","geneID","Count"
"GO:0048046","GO:0048046","apoplast","6/91","298/25052",0.000770084358856658,0.0138789890346306,0.0115104853237766,"GDSL1/ARPN/NA/NA/ATCAD9/ATSBT1.3",6
"GO:0010168","GO:0010168","ER body","2/91","12/25052",0.000841150850583674,0.0138789890346306,0.0115104853237766,"ERMO3/ML3",2
