"","ID","Description","GeneRatio","BgRatio","pvalue","p.adjust","qvalue","geneID","Count"
"GO:0005887","GO:0005887","integral component of plasma membrane","1/50","97/25052",0.176476675214647,0.544006925396783,0.544006925396783,"AMT2",1
"GO:0016021","GO:0016021","integral component of membrane","2/50","418/25052",0.202989827914029,0.544006925396783,0.544006925396783,"AMT2/ABCB21",2
"GO:0099503","GO:0099503","secretory vesicle","1/50","173/25052",0.293067434135292,0.544006925396783,0.544006925396783,"NA",1
"GO:0031226","GO:0031226","intrinsic component of plasma membrane","1/50","271/25052",0.419785350572819,0.544006925396783,0.544006925396783,"AMT2",1
"GO:0005802","GO:0005802","trans-Golgi network","1/50","312/25052",0.465932139001798,0.544006925396783,0.544006925396783,"NA",1
"GO:0031225","GO:0031225","anchored component of membrane","1/50","314/25052",0.468088723289154,0.544006925396783,0.544006925396783,"AGP12",1
"GO:0098791","GO:0098791","Golgi apparatus subcompartment","1/50","390/25052",0.544006925396783,0.544006925396783,0.544006925396783,"NA",1
