"","ID","Description","GeneRatio","BgRatio","pvalue","p.adjust","qvalue","geneID","Count"
"GO:0000790","GO:0000790","nuclear chromatin","4/29","150/25052",2.60991291801628e-05,0.000287090420981791,0.000192309372906463,"KNAT6/BUM/ATK1/BP",4
"GO:0000785","GO:0000785","chromatin","4/29","226/25052",0.000128307656533633,0.000611748039301757,0.000409783375608833,"KNAT6/BUM/ATK1/BP",4
