"","ID","Description","GeneRatio","BgRatio","pvalue","p.adjust","qvalue","geneID","Count"
"GO:0008289","GO:0008289","lipid binding","6/53","268/21809",4.60582094608323e-05,0.00354648212848409,0.00271501024190169,"HDG2/HDG12/LTPG1/LTPG2/PDF2/ATML1",6
"GO:0102336","GO:0102336","3-oxo-arachidoyl-CoA synthase activity","2/53","23/21809",0.00141886298399501,0.0188291021879752,0.0144146236845743,"KCS8/KCS20",2
"GO:0102337","GO:0102337","3-oxo-cerotoyl-CoA synthase activity","2/53","23/21809",0.00141886298399501,0.0188291021879752,0.0144146236845743,"KCS8/KCS20",2
"GO:0102338","GO:0102338","3-oxo-lignoceronyl-CoA synthase activity","2/53","23/21809",0.00141886298399501,0.0188291021879752,0.0144146236845743,"KCS8/KCS20",2
"GO:0102756","GO:0102756","very-long-chain 3-ketoacyl-CoA synthase activity","2/53","23/21809",0.00141886298399501,0.0188291021879752,0.0144146236845743,"KCS8/KCS20",2
"GO:0016614","GO:0016614","oxidoreductase activity, acting on CH-OH group of donors","4/53","202/21809",0.00146720276789417,0.0188291021879752,0.0144146236845743,"EDA17/GPDHC1/NA/ATCAD9",4
"GO:0000981","GO:0000981","DNA-binding transcription factor activity, RNA polymerase II-specific","4/53","272/21809",0.00429085139562091,0.04719936535183,0.0361334854368077,"HDG2/HDG12/PDF2/ATML1",4
