"","ID","Description","GeneRatio","BgRatio","pvalue","p.adjust","qvalue","geneID","Count"
"GO:0031312","GO:0031312","extrinsic component of organelle membrane","2/29","14/25052",0.000116730683416599,0.00105057615074939,0.00036862321078926,"A11/DFR",2
"GO:0009705","GO:0009705","plant-type vacuole membrane","3/29","129/25052",0.000441912392470257,0.00198860576611615,0.000697756409163563,"A11/ATCHS/ATGSTF12",3
"GO:0000325","GO:0000325","plant-type vacuole","3/29","177/25052",0.00110681142658818,0.00332043427976454,0.00116506465956651,"A11/ATCHS/ATGSTF12",3
"GO:0019898","GO:0019898","extrinsic component of membrane","2/29","76/25052",0.00349689949676993,0.00786802386773235,0.0027607101290289,"A11/DFR",2
