"","ID","Description","GeneRatio","BgRatio","pvalue","p.adjust","qvalue","geneID","Count"
"GO:0003008","GO:0003008","system process","4/136","21/21895",7.85197156951907e-06,0.00101604512109577,0.000967032288035507,"ATGSL07/ATSUC2/NAKR1/AtNPF2.11",4
"GO:0003013","GO:0003013","circulatory system process","4/136","21/21895",7.85197156951907e-06,0.00101604512109577,0.000967032288035507,"ATGSL07/ATSUC2/NAKR1/AtNPF2.11",4
"GO:0003018","GO:0003018","vascular process in circulatory system","4/136","21/21895",7.85197156951907e-06,0.00101604512109577,0.000967032288035507,"ATGSL07/ATSUC2/NAKR1/AtNPF2.11",4
"GO:0010232","GO:0010232","vascular transport","4/136","21/21895",7.85197156951907e-06,0.00101604512109577,0.000967032288035507,"ATGSL07/ATSUC2/NAKR1/AtNPF2.11",4
"GO:0010233","GO:0010233","phloem transport","4/136","21/21895",7.85197156951907e-06,0.00101604512109577,0.000967032288035507,"ATGSL07/ATSUC2/NAKR1/AtNPF2.11",4
"GO:0009956","GO:0009956","radial pattern formation","4/136","26/21895",1.91464683642429e-05,0.00206462750527753,0.00196503227948809,"OBP2/DOF6/DOF5.3/DOF5.6",4
"GO:0010088","GO:0010088","phloem development","3/136","12/21895",4.94987008094788e-05,0.0045750942033904,0.00435439698850302,"APL/DAR2/AtSEOR2",3
