"","ID","Description","GeneRatio","BgRatio","pvalue","p.adjust","qvalue","geneID","Count"
"GO:0005509","GO:0005509","calcium ion binding","6/48","263/21875",2.29249835267985e-05,0.00165059881392949,0.00132723588839359,"PnsL2/NA/NA/ATSPLA2-ALPHA/PnsL1/PnsL3",6
"GO:0016853","GO:0016853","isomerase activity","5/48","262/21875",0.000266731294236578,0.00741152388043333,0.00595955867578703,"NDF5/NDF2/NA/FKBP16-2/ATFKBP13",5
"GO:0003755","GO:0003755","peptidyl-prolyl cis-trans isomerase activity","3/48","61/21875",0.000326340117562225,0.00741152388043333,0.00595955867578703,"NA/FKBP16-2/ATFKBP13",3
"GO:0016859","GO:0016859","cis-trans isomerase activity","3/48","66/21875",0.00041175132669074,0.00741152388043333,0.00595955867578703,"NA/FKBP16-2/ATFKBP13",3
"GO:0045735","GO:0045735","nutrient reservoir activity","2/48","44/21875",0.00420568843148537,0.0395565127324852,0.0318071374310919,"ATGER1/ATGER3",2
"GO:0016628","GO:0016628","oxidoreductase activity, acting on the CH-CH group of donors, NAD or NADP as acceptor","2/48","45/21875",0.00439516808138724,0.0395565127324852,0.0318071374310919,"AOR/DVR",2
"GO:0009055","GO:0009055","electron transfer activity","3/48","159/21875",0.00512923257515903,0.0410338606012722,0.0329950633489762,"PnsL2/PnsL3/NDF4",3
"GO:0030145","GO:0030145","manganese ion binding","2/48","53/21875",0.00604988831570476,0.0435591958730742,0.0350256691961854,"ATGER1/ATGER3",2
"GO:0030246","GO:0030246","carbohydrate binding","3/48","176/21875",0.00679093474255967,0.0444497546785724,0.0357417618029456,"CRB/NDF5/NDF2",3
