"","ID","Description","GeneRatio","BgRatio","pvalue","p.adjust","qvalue","geneID","Count"
"GO:0099503","GO:0099503","secretory vesicle","2/28","173/25052",0.0159311437130801,0.0477934311392404,0.033539249922274,"ATHCHIB/ATPCB",2
"GO:0009505","GO:0009505","plant-type cell wall","1/28","235/25052",0.232054362486576,0.284837728421772,0.199886125208261,"ATPCB",1
"GO:0048046","GO:0048046","apoplast","1/28","298/25052",0.284837728421772,0.284837728421772,0.199886125208261,"ATPCB",1
