"","ID","Description","GeneRatio","BgRatio","pvalue","p.adjust","qvalue","geneID","Count"
"GO:0015112","GO:0015112","nitrate transmembrane transporter activity","2/27","27/21809",0.000508273557799876,0.0192504072201752,0.0147371538527657,"AtNPF1.2/NRT1.12",2
"GO:0020037","GO:0020037","heme binding","4/27","370/21809",0.00105042771713858,0.0192504072201752,0.0147371538527657,"CYP86A4/CYP78A5/ATPCB/ROT3",4
"GO:0046906","GO:0046906","tetrapyrrole binding","4/27","393/21809",0.00131252776501194,0.0192504072201752,0.0147371538527657,"CYP86A4/CYP78A5/ATPCB/ROT3",4
