"","ID","Description","GeneRatio","BgRatio","pvalue","p.adjust","qvalue","geneID","Count"
"GO:0102336","GO:0102336","3-oxo-arachidoyl-CoA synthase activity","2/30","23/21809",0.000454552145838043,0.00590917789589455,0.00311009362941819,"CER60/AtCER6",2
"GO:0102337","GO:0102337","3-oxo-cerotoyl-CoA synthase activity","2/30","23/21809",0.000454552145838043,0.00590917789589455,0.00311009362941819,"CER60/AtCER6",2
"GO:0102338","GO:0102338","3-oxo-lignoceronyl-CoA synthase activity","2/30","23/21809",0.000454552145838043,0.00590917789589455,0.00311009362941819,"CER60/AtCER6",2
"GO:0102756","GO:0102756","very-long-chain 3-ketoacyl-CoA synthase activity","2/30","23/21809",0.000454552145838043,0.00590917789589455,0.00311009362941819,"CER60/AtCER6",2
"GO:0005199","GO:0005199","structural constituent of cell wall","2/30","31/21809",0.00082974792173963,0.00766400654586101,0.00403368765571632,"AT-EXP10/ATGRP-5",2
"GO:0016762","GO:0016762","xyloglucan:xyloglucosyl transferase activity","2/30","32/21809",0.000884308447599348,0.00766400654586101,0.00403368765571632,"XET/MERI-5",2
"GO:0016829","GO:0016829","lyase activity","4/30","343/21809",0.00119268493133442,0.00885994520419856,0.00466312905484135,"ACS11/ATECI3/CER3/NA",4
"GO:0005319","GO:0005319","lipid transporter activity","2/30","70/21809",0.00416828092655741,0.0240834009089984,0.0126754741626307,"ATSFH3/ORP4C",2
