"","ID","Description","GeneRatio","BgRatio","pvalue","p.adjust","qvalue","geneID","Count"
"GO:0009505","GO:0009505","plant-type cell wall","5/62","235/25052",0.000291437876010425,0.00874313628031276,0.00644231094338835,"LCR69/EXGT-A1/ATPDI11/BGLU44/PRXR1",5
"GO:0099503","GO:0099503","secretory vesicle","4/62","173/25052",0.000896832370340062,0.0134524855551009,0.00991235777744279,"AtCRT1b/ATPDI11/AtHsp90-7/DIR1-like",4
