"","ID","Description","GeneRatio","BgRatio","pvalue","p.adjust","qvalue","geneID","Count"
"GO:0005372","GO:0005372","water transmembrane transporter activity","2/36","36/21809",0.00161111963655154,0.0478069194335289,0.0310210724514607,"PIP2;6/AtPIP2;1",2
"GO:0015250","GO:0015250","water channel activity","2/36","36/21809",0.00161111963655154,0.0478069194335289,0.0310210724514607,"PIP2;6/AtPIP2;1",2
"GO:0045735","GO:0045735","nutrient reservoir activity","2/36","43/21809",0.00229258126524579,0.0478069194335289,0.0310210724514607,"ATGER1/ATGER3",2
"GO:0033293","GO:0033293","monocarboxylic acid binding","2/36","46/21809",0.00261955722923446,0.0478069194335289,0.0310210724514607,"AtPYL4/DIR1-like",2
"GO:0030145","GO:0030145","manganese ion binding","2/36","52/21809",0.00333528816137019,0.0486952071560047,0.0315974667919281,"ATGER1/ATGER3",2
