"","ID","Description","GeneRatio","BgRatio","pvalue","p.adjust","qvalue","geneID","Count"
"GO:0008289","GO:0008289","lipid binding","5/54","268/21809",0.000522153275256,0.0209763440647363,0.016560271630055,"HDG2/LTPG1/LTPG2/PDF2/ATML1",5
"GO:0102336","GO:0102336","3-oxo-arachidoyl-CoA synthase activity","2/54","23/21809",0.0014724909391673,0.0209763440647363,0.016560271630055,"KCS8/KCS20",2
"GO:0102337","GO:0102337","3-oxo-cerotoyl-CoA synthase activity","2/54","23/21809",0.0014724909391673,0.0209763440647363,0.016560271630055,"KCS8/KCS20",2
"GO:0102338","GO:0102338","3-oxo-lignoceronyl-CoA synthase activity","2/54","23/21809",0.0014724909391673,0.0209763440647363,0.016560271630055,"KCS8/KCS20",2
"GO:0102756","GO:0102756","very-long-chain 3-ketoacyl-CoA synthase activity","2/54","23/21809",0.0014724909391673,0.0209763440647363,0.016560271630055,"KCS8/KCS20",2
"GO:0016614","GO:0016614","oxidoreductase activity, acting on CH-OH group of donors","4/54","202/21809",0.00157322580485523,0.0209763440647363,0.016560271630055,"EDA17/GPDHC1/NA/ATCAD9",4
