"","ID","Description","GeneRatio","BgRatio","pvalue","p.adjust","qvalue","geneID","Count"
"GO:0010374","GO:0010374","stomatal complex development","4/23","66/21826",6.46579814331198e-07,6.98306199477694e-05,5.44488264699956e-05,"EPF2/AtRLP17/SOL1/ERL1",4
"GO:0010103","GO:0010103","stomatal complex morphogenesis","3/23","30/21826",4.07353528218958e-06,0.000219970905238237,0.000171517275039561,"EPF2/AtRLP17/ERL1",3
"GO:0090626","GO:0090626","plant epidermis morphogenesis","3/23","94/21826",0.000128704064636136,0.00435749684488314,0.00339765835858335,"EPF2/AtRLP17/ERL1",3
"GO:0010375","GO:0010375","stomatal complex patterning","2/23","20/21826",0.000199508453954833,0.00435749684488314,0.00339765835858335,"AtRLP17/SOL1",2
"GO:0090558","GO:0090558","plant epidermis development","4/23","283/21826",0.000201735965040886,0.00435749684488314,0.00339765835858335,"EPF2/AtRLP17/SOL1/ERL1",4
"GO:0010016","GO:0010016","shoot system morphogenesis","3/23","199/21826",0.00115576402514778,0.0160583743090721,0.0125211495587307,"EPF2/AtRLP17/ERL1",3
"GO:0090698","GO:0090698","post-embryonic plant morphogenesis","3/23","201/21826",0.00118950920807942,0.0160583743090721,0.0125211495587307,"EPF2/AtRLP17/ERL1",3
