"","ID","Description","GeneRatio","BgRatio","pvalue","p.adjust","qvalue","geneID","Count"
"GO:0009299","GO:0009299","mRNA transcription","4/31","16/21826",5.9864888222683e-09,1.57444656025656e-06,1.16578992854698e-06,"LSH3/LSH2/LSH4/LSH1",4
"GO:0090698","GO:0090698","post-embryonic plant morphogenesis","5/31","201/21826",8.81279051309365e-06,0.00115888195247182,0.00085808749732754,"ATK1/LSH3/LSH2/LSH4/LSH1",5
"GO:0010073","GO:0010073","meristem maintenance","4/31","144/21826",4.9780554245463e-05,0.00364675487058649,0.00270021873547529,"KNAT6/BUM/LSH3/TFL-1",4
"GO:0009908","GO:0009908","flower development","6/31","488/21826",5.54639524043573e-05,0.00364675487058649,0.00270021873547529,"BUM/ATK1/LSH3/atbzip14/TFL-1/SHI",6
