"","ID","Description","GeneRatio","BgRatio","pvalue","p.adjust","qvalue","geneID","Count"
"GO:0000790","GO:0000790","nuclear chromatin","4/33","150/25052",4.41362891077745e-05,0.000529635469293295,0.000371674013539154,"KNAT6/BUM/ATK1/BP",4
"GO:0000785","GO:0000785","chromatin","4/33","226/25052",0.000214898896431284,0.00111548278785918,0.000782794938848546,"KNAT6/BUM/ATK1/BP",4
