"","ID","Description","GeneRatio","BgRatio","pvalue","p.adjust","qvalue","geneID","Count"
"GO:0009505","GO:0009505","plant-type cell wall","5/53","235/25052",0.000138396975888485,0.00415190927665455,0.00320498259952281,"SCPL45/AT-EXP1/LCR69/NA/ATPDI11",5
"GO:0045298","GO:0045298","tubulin complex","2/53","13/25052",0.000337460087680906,0.00494008878489361,0.00381340186904068,"TOR2/TUB8",2
"GO:0099503","GO:0099503","secretory vesicle","4/53","173/25052",0.000494008878489361,0.00494008878489361,0.00381340186904068,"AtCRT1b/NA/ATPDI11/AtHsp90-7",4
