"","ID","Description","GeneRatio","BgRatio","pvalue","p.adjust","qvalue","geneID","Count"
"GO:0103075","GO:0103075","indole-3-pyruvate monooxygenase activity","2/51","11/21809",0.000290934595742329,0.0121033812071008,0.00932224483217004,"YUC/AtYUC4",2
"GO:0016705","GO:0016705","oxidoreductase activity, acting on paired donors, with incorporation or reduction of molecular oxygen","6/51","392/21809",0.000295204419685385,0.0121033812071008,0.00932224483217004,"ATGA2OX2/CYP96A1/AtFAD3/CYP81D11/YUC/AtYUC4",6
"GO:0008810","GO:0008810","cellulase activity","2/51","28/21809",0.00194933057620265,0.0438744950599144,0.0337929358612948,"ATCEL2/ATGH9B1",2
"GO:0005200","GO:0005200","structural constituent of cytoskeleton","2/51","31/21809",0.00238727043477231,0.0438744950599144,0.0337929358612948,"TOR2/TUB8",2
"GO:0005372","GO:0005372","water transmembrane transporter activity","2/51","36/21809",0.00321032890682301,0.0438744950599144,0.0337929358612948,"GAMMA-TIP/PIP2;7",2
"GO:0015250","GO:0015250","water channel activity","2/51","36/21809",0.00321032890682301,0.0438744950599144,0.0337929358612948,"GAMMA-TIP/PIP2;7",2
