"","ID","Description","GeneRatio","BgRatio","pvalue","p.adjust","qvalue","geneID","Count"
"GO:0031225","GO:0031225","anchored component of membrane","6/107","315/25124",0.00232054255556672,0.0218806137328842,0.0159453865259885,"NA/NA/NA/NA/NA/COBL5",6
"GO:0009505","GO:0009505","plant-type cell wall","5/107","235/25124",0.00336624826659756,0.0218806137328842,0.0159453865259885,"AT-EXP10/ATGRP-5/ATPCB/NA/AtBBE22",5
"GO:0099503","GO:0099503","secretory vesicle","4/107","174/25124",0.00659574255748686,0.0285815510824431,0.0208286607078532,"NA/ATPCB/ChiC/NA",4
"GO:0048046","GO:0048046","apoplast","5/107","301/25124",0.00940754805249219,0.0305745311705996,0.0222810348611657,"NA/ATGSR2/CLE13/ATPCB/LTP3",5
