"","ID","Description","GeneRatio","BgRatio","pvalue","p.adjust","qvalue","geneID","Count"
"GO:0010168","GO:0010168","ER body","1/33","12/25052",0.0156965224894487,0.0494844302369317,0.0260444369668062,"ML3",1
"GO:0099503","GO:0099503","secretory vesicle","2/33","173/25052",0.0217589102356661,0.0494844302369317,0.0260444369668062,"AT-BETA-AMY/ML3",2
"GO:0000325","GO:0000325","plant-type vacuole","2/33","177/25052",0.0227056270402381,0.0494844302369317,0.0260444369668062,"AtSWEET17/ML3",2
"GO:0009986","GO:0009986","cell surface","1/33","19/25052",0.0247422151184659,0.0494844302369317,0.0260444369668062,"ANN3",1
