"","ID","Description","GeneRatio","BgRatio","pvalue","p.adjust","qvalue","geneID","Count"
"GO:0010168","GO:0010168","ER body","1/33","12/25052",0.0156965224894487,0.0494844302369317,0.0260444369668062,"ML3",1
"GO:0099503","GO:0099503","secretory vesicle","2/33","173/25052",0.0217589102356661,0.0494844302369317,0.0260444369668062,"AT-BETA-AMY/ML3",2
"GO:0000325","GO:0000325","plant-type vacuole","2/33","177/25052",0.0227056270402381,0.0494844302369317,0.0260444369668062,"AtSWEET17/ML3",2
"GO:0009986","GO:0009986","cell surface","1/33","19/25052",0.0247422151184659,0.0494844302369317,0.0260444369668062,"ANN3",1
"GO:0009705","GO:0009705","plant-type vacuole membrane","1/33","129/25052",0.156735613702493,0.250776981923989,0.131987885223152,"AtSWEET17",1
"GO:0005789","GO:0005789","endoplasmic reticulum membrane","1/33","293/25052",0.321914309516446,0.32642157062522,0.171800826644853,"PILS3",1
"GO:0042175","GO:0042175","nuclear outer membrane-endoplasmic reticulum membrane network","1/33","298/25052",0.32642157062522,0.32642157062522,0.171800826644853,"PILS3",1
"GO:0048046","GO:0048046","apoplast","1/33","298/25052",0.32642157062522,0.32642157062522,0.171800826644853,"ANN1",1
