"","ID","Description","GeneRatio","BgRatio","pvalue","p.adjust","qvalue","geneID","Count"
"GO:0010374","GO:0010374","stomatal complex development","6/28","66/21826",2.16596233099603e-10,2.75077216036495e-08,2.09756352054352e-08,"EPF2/AtRLP17/SOL1/SPCH/BASL/ERL1",6
"GO:0090558","GO:0090558","plant epidermis development","6/28","283/21826",1.33574167072088e-06,8.48195960907758e-05,6.46780177401689e-05,"EPF2/AtRLP17/SOL1/SPCH/BASL/ERL1",6
"GO:0008356","GO:0008356","asymmetric cell division","3/28","27/21826",5.41752853916847e-06,0.000229342041491465,0.000174881623018772,"AtRLP17/POLAR/BASL",3
"GO:0010103","GO:0010103","stomatal complex morphogenesis","3/28","30/21826",7.50035910241788e-06,0.000238136401501768,0.000181587641426959,"EPF2/AtRLP17/ERL1",3
"GO:0003002","GO:0003002","regionalization","4/28","179/21826",7.67894784180392e-05,0.0019504527518182,0.00148729095041255,"AtRLP17/YAB5/SOL1/FL1",4
"GO:0010016","GO:0010016","shoot system morphogenesis","3/28","199/21826",0.00206754595844932,0.0245593886772777,0.0187274244368798,"EPF2/AtRLP17/ERL1",3
"GO:0090698","GO:0090698","post-embryonic plant morphogenesis","3/28","201/21826",0.00212719114527602,0.0245593886772777,0.0187274244368798,"EPF2/AtRLP17/ERL1",3
