"","ID","Description","GeneRatio","BgRatio","pvalue","p.adjust","qvalue","geneID","Count"
"GO:0010374","GO:0010374","stomatal complex development","9/46","66/21826",1.20867302222555e-14,2.50195315600688e-12,1.93387683556087e-12,"AtSDD1/EPF2/NA/AtRLP17/atEPF1/MUTE/SOL1/SPCH/BASL",9
"GO:0090558","GO:0090558","plant epidermis development","11/46","283/21826",1.27977078746888e-11,1.3245627650303e-09,1.02381662997511e-09,"AtSDD1/EPF2/NA/AtRLP17/atEPF1/ATROPGEF4/MUTE/SOL1/WVD2/SPCH/BASL",11
"GO:0010103","GO:0010103","stomatal complex morphogenesis","5/46","30/21826",4.55291839157623e-09,3.1415136901876e-07,2.42822314217399e-07,"AtSDD1/EPF2/NA/AtRLP17/atEPF1",5
"GO:0090698","GO:0090698","post-embryonic plant morphogenesis","6/46","201/21826",3.90171423872108e-06,0.000161530969483053,0.000124854855639075,"AtSDD1/EPF2/NA/AtRLP17/atEPF1/ATNEK5",6
"GO:0010375","GO:0010375","stomatal complex patterning","3/46","20/21826",9.73984158448458e-06,0.000252018400998538,0.000194796831689692,"AtRLP17/atEPF1/SOL1",3
"GO:0008356","GO:0008356","asymmetric cell division","3/46","27/21826",2.47333312157944e-05,0.000568866617963271,0.000439703666058567,"AtRLP17/NA/BASL",3
"GO:0010016","GO:0010016","shoot system morphogenesis","5/46","199/21826",6.06214007564209e-05,0.00125486299565791,0.000969942412102735,"AtSDD1/EPF2/NA/AtRLP17/atEPF1",5
"GO:0090627","GO:0090627","plant epidermal cell differentiation","4/46","172/21826",0.000469458244020064,0.00883435059201394,0.00682848354938275,"EPF2/NA/atEPF1/ATROPGEF4",4
