"","ID","Description","GeneRatio","BgRatio","pvalue","p.adjust","qvalue","geneID","Count"
"GO:0009505","GO:0009505","plant-type cell wall","7/53","235/25052",6.24116016517762e-07,1.74752484624973e-05,1.44532130140955e-05,"SCPL45/AT-EXP1/LCR69/NA/ATPDI11/PRXR1/BGLC1",7
"GO:0099503","GO:0099503","secretory vesicle","4/53","173/25052",0.000494008878489361,0.00691612429885105,0.00572010280356102,"AtCRT1b/NA/ATPDI11/AtHsp90-7",4
