"","ID","Description","GeneRatio","BgRatio","pvalue","p.adjust","qvalue","geneID","Count"
"GO:0009409","GO:0009409","response to cold","7/54","425/21826",8.12559825533045e-05,0.0239705148532248,0.0206133597845751,"ATGRP7/AtGRF5/ATSR2/ATDI21/AtHsp90-7/ATGRP8/TUB8",7
"GO:0009739","GO:0009739","response to gibberellin","4/54","118/21826",0.000208376437656335,0.0307355245543094,0.0264309060395667,"AT-EXP1/GAMMA-TIP/AtGRF5/IQD22",4
