"","ID","Description","GeneRatio","BgRatio","pvalue","p.adjust","qvalue","geneID","Count"
"GO:0004364","GO:0004364","glutathione transferase activity","4/65","59/21809",2.89132905225431e-05,0.00289132905225431,0.00264784871101184,"ATGSTU26/ATGSTU13/ATGSTF5/ATGSTU27",4
"GO:0102336","GO:0102336","3-oxo-arachidoyl-CoA synthase activity","2/65","23/21809",0.00212528176647569,0.0354213627745949,0.0324385111725237,"KCS8/KCS16",2
"GO:0102337","GO:0102337","3-oxo-cerotoyl-CoA synthase activity","2/65","23/21809",0.00212528176647569,0.0354213627745949,0.0324385111725237,"KCS8/KCS16",2
"GO:0102338","GO:0102338","3-oxo-lignoceronyl-CoA synthase activity","2/65","23/21809",0.00212528176647569,0.0354213627745949,0.0324385111725237,"KCS8/KCS16",2
"GO:0102756","GO:0102756","very-long-chain 3-ketoacyl-CoA synthase activity","2/65","23/21809",0.00212528176647569,0.0354213627745949,0.0324385111725237,"KCS8/KCS16",2
