"","ID","Description","GeneRatio","BgRatio","pvalue","p.adjust","qvalue","geneID","Count"
"GO:0009620","GO:0009620","response to fungus","9/72","374/21826",3.80303507261563e-06,0.00138489749898928,0.0011131470172082,"AtLEA14/LACS2/BGLU26/ATBFRUCT1/MO1/AtBBE19/NA/NA/AtDMR6",9
"GO:0009415","GO:0009415","response to water","9/72","407/21826",7.52661684233303e-06,0.00138489749898928,0.0011131470172082,"AtLEA14/ESL1/ATOCT6/AtGolS2/AtPUB23/GPDHC1/RS5/CYP707A3/COR78",9
"GO:0001101","GO:0001101","response to acid chemical","9/72","438/21826",1.35225391395603e-05,0.0016587648011194,0.0013332749116549,"AtLEA14/ESL1/ATOCT6/AtGolS2/AtPUB23/GPDHC1/RS5/CYP707A3/COR78",9
"GO:0009651","GO:0009651","response to salt stress","9/72","483/21826",2.92110647273035e-05,0.00268741795491192,0.00216008136536112,"ESL1/ATOCT6/AtGolS2/ANAC042/BGLU26/BGLU25/HHP1/FAR1/COR78",9
"GO:1901568","GO:1901568","fatty acid derivative metabolic process","3/72","50/21826",0.000603613405881107,0.0317328190520353,0.0255060702334723,"KCS1/LACS2/FAR1",3
"GO:0009611","GO:0009611","response to wounding","5/72","222/21826",0.000837146492037662,0.0385087386337325,0.0309523900345504,"AtLEA14/ATBFRUCT1/FAR1/ATNRT3.1/COR78",5
