"","ID","Description","GeneRatio","BgRatio","pvalue","p.adjust","qvalue","geneID","Count"
"GO:0008378","GO:0008378","galactosyltransferase activity","3/74","38/21809",0.000290464201522489,0.0119269574434991,0.00951513502417658,"AtGolS2/AtSIP2/RS5",3
"GO:0004553","GO:0004553","hydrolase activity, hydrolyzing O-glycosyl compounds","7/74","393/21809",0.000372955962347506,0.0119269574434991,0.00951513502417658,"BGLU40/AtGH9B8/BGLU26/BGLU25/ATBFRUCT1/AtSIP2/NA",7
"GO:0003996","GO:0003996","acyl-CoA ligase activity","2/74","10/21809",0.000502187681831542,0.0119269574434991,0.00951513502417658,"LACS2/LACS3",2
"GO:0004467","GO:0004467","long-chain fatty acid-CoA ligase activity","2/74","10/21809",0.000502187681831542,0.0119269574434991,0.00951513502417658,"LACS2/LACS3",2
"GO:0015145","GO:0015145","monosaccharide transmembrane transporter activity","2/74","22/21809",0.00251084127999897,0.0340757030857003,0.0271850484451016,"ESL1/ATSTP1",2
"GO:0015112","GO:0015112","nitrate transmembrane transporter activity","2/74","27/21809",0.00377359302778706,0.0438120233063971,0.03495252828876,"NPF5.12/ATNRT3.1",2
"GO:0015144","GO:0015144","carbohydrate transmembrane transporter activity","3/74","95/21809",0.00415061273429025,0.0438120233063971,0.03495252828876,"ESL1/ATSTP1/ATOCT6",3
