"","ID","Description","GeneRatio","BgRatio","pvalue","p.adjust","qvalue","geneID","Count"
"GO:0031012","GO:0031012","extracellular matrix","1/14","21/25052",0.0116748735470451,0.0817241148293157,0.0614467028791848,"ATPSK2",1
"GO:0005770","GO:0005770","late endosome","1/14","67/25052",0.0368075302794222,0.123380281872525,0.0927671292274625,"AtDTX50",1
"GO:0005887","GO:0005887","integral component of plasma membrane","1/14","97/25052",0.0528772636596536,0.123380281872525,0.0927671292274625,"ATRBOH",1
"GO:0009505","GO:0009505","plant-type cell wall","1/14","235/25052",0.12364242754326,0.197788929072909,0.148713480505947,"Prx47",1
"GO:0031226","GO:0031226","intrinsic component of plasma membrane","1/14","271/25052",0.141277806480649,0.197788929072909,0.148713480505947,"ATRBOH",1
"GO:0005768","GO:0005768","endosome","1/14","417/25052",0.209475057890528,0.209924310952819,0.157837827784074,"AtDTX50",1
"GO:0016021","GO:0016021","integral component of membrane","1/14","418/25052",0.209924310952819,0.209924310952819,0.157837827784074,"ATRBOH",1
