"","ID","Description","GeneRatio","BgRatio","pvalue","p.adjust","qvalue","geneID","Count"
"GO:0008289","GO:0008289","lipid binding","8/61","268/21809",7.85450156275103e-07,6.67632632833838e-05,4.54734301001375e-05,"HDG2/HDG12/LTPG1/ATHB-14/LTPG2/PDF2/ATML1/FL1",8
"GO:0102336","GO:0102336","3-oxo-arachidoyl-CoA synthase activity","3/61","23/21809",3.54303696064088e-05,0.00060231628330895,0.000410246384916313,"FDH/KCS19/KCS20",3
"GO:0102337","GO:0102337","3-oxo-cerotoyl-CoA synthase activity","3/61","23/21809",3.54303696064088e-05,0.00060231628330895,0.000410246384916313,"FDH/KCS19/KCS20",3
"GO:0102338","GO:0102338","3-oxo-lignoceronyl-CoA synthase activity","3/61","23/21809",3.54303696064088e-05,0.00060231628330895,0.000410246384916313,"FDH/KCS19/KCS20",3
"GO:0102756","GO:0102756","very-long-chain 3-ketoacyl-CoA synthase activity","3/61","23/21809",3.54303696064088e-05,0.00060231628330895,0.000410246384916313,"FDH/KCS19/KCS20",3
"GO:0016614","GO:0016614","oxidoreductase activity, acting on CH-OH group of donors","5/61","202/21809",0.000253337300488824,0.00358894509025833,0.00244448272401497,"EDA17/NA/NA/ATCAD9/NA",5
"GO:0042389","GO:0042389","omega-3 fatty acid desaturase activity","2/61","12/21809",0.000498815283575228,0.00605704272912777,0.00412553993934399,"ADS1/NA",2
"GO:0015562","GO:0015562","efflux transmembrane transporter activity","2/61","16/21809",0.000900425564346907,0.00956702162118589,0.00651623763672104,"ABCG11/ABCG12",2
"GO:0016717","GO:0016717","oxidoreductase activity, acting on paired donors, with oxidation of a pair of donors resulting in the reduction of molecular oxygen to two molecules of water","2/61","26/21809",0.00239517601226642,0.0226211067825162,0.0154075649911875,"ADS1/NA",2
