"","ID","Description","GeneRatio","BgRatio","pvalue","p.adjust","qvalue","geneID","Count"
"GO:0031312","GO:0031312","extrinsic component of organelle membrane","2/27","14/25052",0.000100981886039768,0.000908836974357913,0.000106296722147124,"A11/DFR",2
"GO:0009705","GO:0009705","plant-type vacuole membrane","3/27","129/25052",0.000356417103633903,0.00160387696635256,0.000187587949281002,"A11/ATCHS/ATGSTF12",3
"GO:0000325","GO:0000325","plant-type vacuole","3/27","177/25052",0.000895224576274505,0.00268567372882352,0.000314113886412107,"A11/ATCHS/ATGSTF12",3
"GO:0019898","GO:0019898","extrinsic component of membrane","2/27","76/25052",0.00303505783663411,0.00682888013242675,0.000798699430693188,"A11/DFR",2
