"","ID","Description","GeneRatio","BgRatio","pvalue","p.adjust","qvalue","geneID","Count"
"GO:0099503","GO:0099503","secretory vesicle","2/36","173/25052",0.0256156817156844,0.0768470451470532,0.0539277509803882,"ATHCHIB/ATPCB",2
"GO:0009505","GO:0009505","plant-type cell wall","1/36","235/25052",0.287894928547392,0.350205837365808,0.24575848236197,"ATPCB",1
"GO:0048046","GO:0048046","apoplast","1/36","298/25052",0.350205837365808,0.350205837365808,0.24575848236197,"ATPCB",1
