"","ID","Description","GeneRatio","BgRatio","pvalue","p.adjust","qvalue","geneID","Count"
"GO:0020037","GO:0020037","heme binding","5/35","370/21809",0.000292151982363938,0.00963202021643554,0.00750283680017084,"CYP86A4/CYP78A5/ATPCB/ROT3/CBB3",5
"GO:0046906","GO:0046906","tetrapyrrole binding","5/35","393/21809",0.000385280808657422,0.00963202021643554,0.00750283680017084,"CYP86A4/CYP78A5/ATPCB/ROT3/CBB3",5
"GO:0015112","GO:0015112","nitrate transmembrane transporter activity","2/35","27/21809",0.000856358542614125,0.0142726423769021,0.0111176372199027,"AtNPF1.2/NRT1.12",2
"GO:0005506","GO:0005506","iron ion binding","4/35","324/21809",0.00174106192654436,0.0217632740818045,0.0169524450742477,"CYP86A4/CYP78A5/ROT3/CBB3",4
"GO:0016705","GO:0016705","oxidoreductase activity, acting on paired donors, with incorporation or reduction of molecular oxygen","4/35","392/21809",0.00346516967889673,0.0346516967889673,0.0269918480250903,"CYP86A4/CYP78A5/ROT3/CBB3",4
"GO:0004497","GO:0004497","monooxygenase activity","3/35","221/21809",0.00529056191616336,0.044088015968028,0.0343422440172008,"CYP86A4/ROT3/CBB3",3
