"","ID","Description","GeneRatio","BgRatio","pvalue","p.adjust","qvalue","geneID","Count"
"GO:0099503","GO:0099503","secretory vesicle","4/32","173/25052",6.79099603122947e-05,0.000203729880936884,0.000142968337499568,"ATPDI6/NA/NA/ChiC",4
"GO:0005615","GO:0005615","extracellular space","1/32","130/25052",0.153453639402815,0.230180459104223,0.161530146739806,"AtCAPE8",1
"GO:0005730","GO:0005730","nucleolus","1/32","486/25052",0.46595829836808,0.46595829836808,0.326988279556548,"PCK1",1
