"","ID","Description","GeneRatio","BgRatio","pvalue","p.adjust","qvalue","geneID","Count"
"GO:0004568","GO:0004568","chitinase activity","3/29","23/21809",3.67723784700621e-06,0.000253729411443428,0.000147089513880248,"NA/NA/ChiC",3
"GO:0008509","GO:0008509","anion transmembrane transporter activity","5/29","336/21809",7.3824343361419e-05,0.00254693984596896,0.00147648686722838,"AtNPF2.13/ATPT2/AtNIP5;1/AtLHT1/AtNPF2.11",5
