"","ID","Description","GeneRatio","BgRatio","pvalue","p.adjust","qvalue","geneID","Count"
"GO:0031012","GO:0031012","extracellular matrix","1/15","21/25052",0.0125038066749114,0.0875266467243795,0.0658095088153229,"ATPSK2",1
"GO:0005770","GO:0005770","late endosome","1/15","67/25052",0.0393849683923413,0.131941886073807,0.0992044256194036,"AtDTX50",1
"GO:0005887","GO:0005887","integral component of plasma membrane","1/15","97/25052",0.05654652260306,0.131941886073807,0.0992044256194036,"ATRBOH",1
"GO:0009505","GO:0009505","plant-type cell wall","1/15","235/25052",0.131867686330996,0.210801118553747,0.158497081619359,"Prx47",1
"GO:0031226","GO:0031226","intrinsic component of plasma membrane","1/15","271/25052",0.150572227538391,0.210801118553747,0.158497081619359,"ATRBOH",1
"GO:0005768","GO:0005768","endosome","1/15","417/25052",0.222641001690338,0.223114327648311,0.167755133570158,"AtDTX50",1
"GO:0016021","GO:0016021","integral component of membrane","1/15","418/25052",0.223114327648311,0.223114327648311,0.167755133570158,"ATRBOH",1
