"","ID","Description","GeneRatio","BgRatio","pvalue","p.adjust","qvalue","geneID","Count"
"GO:0031226","GO:0031226","intrinsic component of plasma membrane","2/27","271/25052",0.0342605138233589,0.239823596763512,0.216382192568582,"AST91/AtXYP2",2
"GO:0005887","GO:0005887","integral component of plasma membrane","1/27","97/25052",0.0994953636039756,0.24403884474765,0.220185423832466,"AST91",1
"GO:0009705","GO:0009705","plant-type vacuole membrane","1/27","129/25052",0.130174424298963,0.24403884474765,0.220185423832466,"UMAMIT5",1
"GO:0046658","GO:0046658","anchored component of plasma membrane","1/27","173/25052",0.170719183439515,0.24403884474765,0.220185423832466,"AtXYP2",1
"GO:0000325","GO:0000325","plant-type vacuole","1/27","177/25052",0.174313460534036,0.24403884474765,0.220185423832466,"UMAMIT5",1
"GO:0031225","GO:0031225","anchored component of membrane","1/27","314/25052",0.288751066220669,0.336876243924114,0.303948490758599,"AtXYP2",1
"GO:0016021","GO:0016021","integral component of membrane","1/27","418/25052",0.365261127565547,0.365261127565547,0.329558912089215,"AST91",1
