"","ID","Description","GeneRatio","BgRatio","pvalue","p.adjust","qvalue","geneID","Count"
"GO:0008289","GO:0008289","lipid binding","6/55","268/21809",5.6978883318257e-05,0.00455831066546056,0.00359866631483729,"HDG2/HDG12/LTPG1/LTPG2/PDF2/ATML1",6
"GO:0102336","GO:0102336","3-oxo-arachidoyl-CoA synthase activity","2/55","23/21809",0.00152707799900312,0.022459517009062,0.0177311976387332,"KCS8/KCS20",2
"GO:0102337","GO:0102337","3-oxo-cerotoyl-CoA synthase activity","2/55","23/21809",0.00152707799900312,0.022459517009062,0.0177311976387332,"KCS8/KCS20",2
"GO:0102338","GO:0102338","3-oxo-lignoceronyl-CoA synthase activity","2/55","23/21809",0.00152707799900312,0.022459517009062,0.0177311976387332,"KCS8/KCS20",2
"GO:0102756","GO:0102756","very-long-chain 3-ketoacyl-CoA synthase activity","2/55","23/21809",0.00152707799900312,0.022459517009062,0.0177311976387332,"KCS8/KCS20",2
"GO:0016614","GO:0016614","oxidoreductase activity, acting on CH-OH group of donors","4/55","202/21809",0.00168446377567965,0.022459517009062,0.0177311976387332,"EDA17/GPDHC1/NA/ATCAD9",4
