"","ID","Description","GeneRatio","BgRatio","pvalue","p.adjust","qvalue","geneID","Count"
"GO:0008378","GO:0008378","galactosyltransferase activity","3/71","38/21809",0.000257025086563399,0.0141792481789419,0.0110319093383072,"AtGolS2/AtSIP2/RS5",3
"GO:0003996","GO:0003996","acyl-CoA ligase activity","2/71","10/21809",0.000462366788443757,0.0141792481789419,0.0110319093383072,"LACS2/LACS3",2
"GO:0004467","GO:0004467","long-chain fatty acid-CoA ligase activity","2/71","10/21809",0.000462366788443757,0.0141792481789419,0.0110319093383072,"LACS2/LACS3",2
"GO:0004553","GO:0004553","hydrolase activity, hydrolyzing O-glycosyl compounds","6/71","393/21809",0.00176050529340495,0.0269944144988759,0.0210025192897433,"BGLU40/BGLU26/BGLU25/ATBFRUCT1/AtSIP2/NA",6
"GO:0015145","GO:0015145","monosaccharide transmembrane transporter activity","2/71","22/21809",0.00231427807727129,0.0304162261584226,0.0236647983841275,"ESL1/ATSTP1",2
"GO:0015112","GO:0015112","nitrate transmembrane transporter activity","2/71","27/21809",0.00347975510585257,0.0377618623004451,0.0293799386319253,"NPF5.12/ATNRT3.1",2
