"","ID","Description","GeneRatio","BgRatio","pvalue","p.adjust","qvalue","geneID","Count"
"GO:0102336","GO:0102336","3-oxo-arachidoyl-CoA synthase activity","4/272","23/21875",0.000171854159206162,0.00937520669513288,0.00821761163191555,"KCS3/AtCER6/FDH/KCS20",4
"GO:0102337","GO:0102337","3-oxo-cerotoyl-CoA synthase activity","4/272","23/21875",0.000171854159206162,0.00937520669513288,0.00821761163191555,"KCS3/AtCER6/FDH/KCS20",4
"GO:0102338","GO:0102338","3-oxo-lignoceronyl-CoA synthase activity","4/272","23/21875",0.000171854159206162,0.00937520669513288,0.00821761163191555,"KCS3/AtCER6/FDH/KCS20",4
"GO:0102756","GO:0102756","very-long-chain 3-ketoacyl-CoA synthase activity","4/272","23/21875",0.000171854159206162,0.00937520669513288,0.00821761163191555,"KCS3/AtCER6/FDH/KCS20",4
"GO:0003996","GO:0003996","acyl-CoA ligase activity","3/272","10/21875",0.000213883042474514,0.00937520669513288,0.00821761163191555,"LACS2/LACS3/CER8",3
"GO:0004467","GO:0004467","long-chain fatty acid-CoA ligase activity","3/272","10/21875",0.000213883042474514,0.00937520669513288,0.00821761163191555,"LACS2/LACS3/CER8",3
"GO:0016854","GO:0016854","racemase and epimerase activity","4/272","43/21875",0.00197108830833183,0.0471269295537518,0.0413079750741311,"UGE3/NA/ATECI3/ATUGE2",4
