"","ID","Description","GeneRatio","BgRatio","pvalue","p.adjust","qvalue","geneID","Count"
"GO:0008378","GO:0008378","galactosyltransferase activity","3/85","38/21809",0.000436764384973716,0.0224654947617724,0.0186454511180702,"AtGolS2/AtSIP2/RS5",3
"GO:0003996","GO:0003996","acyl-CoA ligase activity","2/85","10/21809",0.000661973870409467,0.0224654947617724,0.0186454511180702,"LACS2/LACS3",2
"GO:0004467","GO:0004467","long-chain fatty acid-CoA ligase activity","2/85","10/21809",0.000661973870409467,0.0224654947617724,0.0186454511180702,"LACS2/LACS3",2
"GO:0004553","GO:0004553","hydrolase activity, hydrolyzing O-glycosyl compounds","7/85","393/21809",0.000864057490837402,0.0224654947617724,0.0186454511180702,"BGLU40/AtGH9B8/BGLU26/BGLU25/ATBFRUCT1/AtSIP2/NA",7
"GO:0071949","GO:0071949","FAD binding","3/85","76/21809",0.00327224258691175,0.0428542668540948,0.0355673064983378,"AT-POX/MO1/AtBBE19",3
"GO:0015145","GO:0015145","monosaccharide transmembrane transporter activity","2/85","22/21809",0.0032964820656996,0.0428542668540948,0.0355673064983378,"ESL1/ATSTP1",2
