"","ID","Description","GeneRatio","BgRatio","pvalue","p.adjust","qvalue","geneID","Count"
"GO:0009415","GO:0009415","response to water","11/84","407/21826",4.54203948358975e-07,0.000183498395137026,0.000153951233022726,"AtLEA14/ESL1/ATOCT6/AtGolS2/AtPUB23/GPDHC1/AT-POX/ATCML9/RS5/CYP707A3/COR78",11
"GO:0001101","GO:0001101","response to acid chemical","11/84","438/21826",9.342783243722e-07,0.000188724221523184,0.000158335589709394,"AtLEA14/ESL1/ATOCT6/AtGolS2/AtPUB23/GPDHC1/AT-POX/ATCML9/RS5/CYP707A3/COR78",11
"GO:0009620","GO:0009620","response to fungus","10/84","374/21826",1.73271971715725e-06,0.000233339588577176,0.00019576692944724,"AtLEA14/LACS2/At17.1/BGLU26/ATBFRUCT1/MO1/AtBBE19/NA/NA/AtDMR6",10
"GO:0009651","GO:0009651","response to salt stress","11/84","483/21826",2.41161063970506e-06,0.000238452505271921,0.00020005655731516,"ESL1/ATOCT6/AtGolS2/ANAC042/BGLU26/BGLU25/ATCML9/IDL6/HHP1/FAR1/COR78",11
"GO:0009813","GO:0009813","flavonoid biosynthetic process","4/84","78/21826",0.000234441542189067,0.0157857305073972,0.0132438906289262,"PR-5/ATRHM1/ANAC042/AtDMR6",4
"GO:0006979","GO:0006979","response to oxidative stress","8/84","467/21826",0.000435126174280158,0.0241570461619836,0.0202672456075006,"AtPCR2/AtGolS2/AT-POX/AtSIP2/AtBBE19/IDL6/RS5/COR78",8
"GO:0009812","GO:0009812","flavonoid metabolic process","4/84","94/21826",0.00047835734974225,0.0241570461619836,0.0202672456075006,"PR-5/ATRHM1/ANAC042/AtDMR6",4
"GO:1901568","GO:1901568","fatty acid derivative metabolic process","3/84","50/21826",0.000945937462258787,0.038215873475255,0.0320623013523505,"KCS1/LACS2/FAR1",3
