"","ID","Description","GeneRatio","BgRatio","pvalue","p.adjust","qvalue","geneID","Count"
"GO:0000790","GO:0000790","nuclear chromatin","4/31","150/25052",3.42554129058013e-05,0.000376809541963814,0.000252408305621694,"KNAT6/BUM/ATK1/BP",4
"GO:0000785","GO:0000785","chromatin","4/31","226/25052",0.000167594835345064,0.000798252743544295,0.000534714756441155,"KNAT6/BUM/ATK1/BP",4
