"","ID","Description","GeneRatio","BgRatio","pvalue","p.adjust","qvalue","geneID","Count"
"GO:0020037","GO:0020037","heme binding","5/37","370/21809",0.000381542508897657,0.00612588664045758,0.0045275309996663,"CYP86A4/CYP78A5/ATPCB/ROT3/CBB3",5
"GO:0016705","GO:0016705","oxidoreductase activity, acting on paired donors, with incorporation or reduction of molecular oxygen","5/37","392/21809",0.000496510285908456,0.00612588664045758,0.0045275309996663,"CYP86A4/CYP78A5/ROT3/CBB3/AtYUC4",5
"GO:0046906","GO:0046906","tetrapyrrole binding","5/37","393/21809",0.000502293137625663,0.00612588664045758,0.0045275309996663,"CYP86A4/CYP78A5/ATPCB/ROT3/CBB3",5
"GO:0004497","GO:0004497","monooxygenase activity","4/37","221/21809",0.000521352054507028,0.00612588664045758,0.0045275309996663,"CYP86A4/ROT3/CBB3/AtYUC4",4
"GO:0015112","GO:0015112","nitrate transmembrane transporter activity","2/37","27/21809",0.000957084253648485,0.00899659198429576,0.00664921692008421,"AtNPF1.2/NRT1.12",2
"GO:0005506","GO:0005506","iron ion binding","4/37","324/21809",0.00214561541713565,0.0168073207675626,0.0124219839939433,"CYP86A4/CYP78A5/ROT3/CBB3",4
