"","ID","Description","GeneRatio","BgRatio","pvalue","p.adjust","qvalue","geneID","Count"
"GO:0010319","GO:0010319","stromule","1/28","34/25052",0.037332583918063,0.0796554759634413,0.0335391477740806,"ATGSTF5",1
"GO:0048046","GO:0048046","apoplast","2/28","298/25052",0.0435098684286981,0.0796554759634413,0.0335391477740806,"NA/NA",2
"GO:0031225","GO:0031225","anchored component of membrane","2/28","314/25052",0.0477932855780648,0.0796554759634413,0.0335391477740806,"LTPG6/NA",2
"GO:0090575","GO:0090575","RNA polymerase II transcription regulator complex","1/28","85/25052",0.0908228653023824,0.113528581627978,0.0478015080538855,"NA",1
"GO:0005667","GO:0005667","transcription regulator complex","1/28","130/25052",0.135630417529512,0.135630417529512,0.0571075442229526,"NA",1
