"","ID","Description","GeneRatio","BgRatio","pvalue","p.adjust","qvalue","geneID","Count"
"GO:0046982","GO:0046982","protein heterodimerization activity","14/52","125/21809",2.8741031653068e-20,1.40831055100033e-18,9.37865243415902e-19,"HTB1/G-H2AX/HTA10/NA/NA/H2A.Z/HTA13/HTB11/H2A.Z/HTA2/h2a.w.7/ATHTA1/h2a.w.6/HTB4",14
"GO:0003682","GO:0003682","chromatin binding","7/52","171/21809",1.60123324583956e-07,3.92302145230692e-06,2.61253845373823e-06,"HMGA/ORTH2/CMT1/HIS1-3/H1.2/h2a.w.7/h2a.w.6",7
"GO:0031491","GO:0031491","nucleosome binding","3/52","26/21809",3.19768050676745e-05,0.00052228781610535,0.000347817879683477,"HMGA/HIS1-3/H1.2",3
"GO:0031490","GO:0031490","chromatin DNA binding","3/52","38/21809",0.000101678010001456,0.00124555562251783,0.000829478502643454,"HMGA/HIS1-3/H1.2",3
"GO:0043047","GO:0043047","single-stranded telomeric DNA binding","2/52","12/21809",0.00036243241488137,0.00295986472153119,0.00197112365988114,"ATRPA70B/ATRPA70D",2
"GO:0098847","GO:0098847","sequence-specific single stranded DNA binding","2/52","12/21809",0.00036243241488137,0.00295986472153119,0.00197112365988114,"ATRPA70B/ATRPA70D",2
"GO:0003684","GO:0003684","damaged DNA binding","2/52","40/21809",0.00410435545245414,0.0251391771462816,0.0167414498718524,"ATRPA70B/ATRPA70D",2
"GO:0016538","GO:0016538","cyclin-dependent protein serine/threonine kinase regulator activity","2/52","53/21809",0.00710924380251069,0.0387058829247804,0.0257762055997464,"CYCA3;2/CYCA3;1",2
