"","ID","Description","GeneRatio","BgRatio","pvalue","p.adjust","qvalue","geneID","Count"
"GO:0030246","GO:0030246","carbohydrate binding","4/31","176/21875",0.000107526555146853,0.00591396053307691,0.00441424805339712,"CRB/NDF5/NDF2/AtJAC1",4
"GO:0005509","GO:0005509","calcium ion binding","4/31","263/21875",0.000497672805724635,0.0136860021574275,0.0102153891701372,"PnsL2/NA/ATSPLA2-ALPHA/PnsL1",4
"GO:0016857","GO:0016857","racemase and epimerase activity, acting on carbohydrates and derivatives","2/31","34/21875",0.00105997328390612,0.0194328435382789,0.0145048975692417,"NDF5/NDF2",2
"GO:0052689","GO:0052689","carboxylic ester hydrolase activity","3/31","229/21875",0.00409985588582649,0.0450984147440914,0.0336619746415228,"NA/ATSPLA2-ALPHA/PGL2",3
