"","ID","Description","GeneRatio","BgRatio","pvalue","p.adjust","qvalue","geneID","Count"
"GO:0019887","GO:0019887","protein kinase regulator activity","9/44","91/21809",1.60693378397372e-13,1.19095084211316e-11,7.79698240664586e-12,"AtTPX2/CYCB2;3/CYCB2;4/CYCB2;1/CYC2/CYCB2;2/CYC1/CYC1BAT/NA",9
"GO:0019207","GO:0019207","kinase regulator activity","9/44","97/21809",2.90475815149552e-13,1.19095084211316e-11,7.79698240664586e-12,"AtTPX2/CYCB2;3/CYCB2;4/CYCB2;1/CYC2/CYCB2;2/CYC1/CYC1BAT/NA",9
"GO:0008017","GO:0008017","microtubule binding","10/44","162/21809",7.71637919349948e-13,2.10914364622319e-11,1.3808257504157e-11,"AtTPX2/ATNACK1/RSW7/EDE1/NA/PAKRP2/NA/NA/NA/NA",10
"GO:0003777","GO:0003777","microtubule motor activity","6/44","65/21809",3.57454078588477e-09,4.18731920632216e-08,2.741377144062e-08,"ATNACK1/RSW7/NA/PAKRP2/NA/NA",6
