"","ID","Description","GeneRatio","BgRatio","pvalue","p.adjust","qvalue","geneID","Count"
"GO:0006820","GO:0006820","anion transport","4/28","298/21826",0.000538438995750719,0.0457855796961147,0.0318433542999294,"AtNPF2.13/AtNIP5;1/AtLHT1/AtNPF2.11",4
"GO:0080167","GO:0080167","response to karrikin","3/28","127/21826",0.000566679251556125,0.0457855796961147,0.0318433542999294,"JAO2/AtLHT1/AtNPF2.11",3
"GO:0016998","GO:0016998","cell wall macromolecule catabolic process","2/28","33/21826",0.000817599637430619,0.0457855796961147,0.0318433542999294,"NA/NA",2
