"","ID","Description","GeneRatio","BgRatio","pvalue","p.adjust","qvalue","geneID","Count"
"GO:0004568","GO:0004568","chitinase activity","3/28","23/21809",3.29910280090117e-06,0.000221039887660378,0.000128491372245624,"NA/NA/ChiC",3
"GO:0008509","GO:0008509","anion transmembrane transporter activity","5/28","336/21809",6.18726461706911e-05,0.00207273364671815,0.00120488837279767,"AtNPF2.13/ATPT2/AtNIP5;1/AtLHT1/AtNPF2.11",5
