"","ID","Description","GeneRatio","BgRatio","pvalue","p.adjust","qvalue","geneID","Count"
"GO:0048046","GO:0048046","apoplast","2/22","298/25052",0.0278522215600405,0.222817772480324,0.205226895705562,"GAL1/AtPNP-A",2
"GO:0005887","GO:0005887","integral component of plasma membrane","1/22","97/25052",0.0818403751265232,0.280110243959444,0.257996277331067,"XET",1
"GO:0080008","GO:0080008","Cul4-RING E3 ubiquitin ligase complex","1/22","130/25052",0.108195109613264,0.280110243959444,0.257996277331067,"EFO1",1
"GO:0099503","GO:0099503","secretory vesicle","1/22","173/25052",0.141454110382434,0.280110243959444,0.257996277331067,"GAL1",1
"GO:0031461","GO:0031461","cullin-RING ubiquitin ligase complex","1/22","241/25052",0.191645006953277,0.280110243959444,0.257996277331067,"EFO1",1
"GO:0031226","GO:0031226","intrinsic component of plasma membrane","1/22","271/25052",0.212886204039041,0.280110243959444,0.257996277331067,"XET",1
"GO:0000151","GO:0000151","ubiquitin ligase complex","1/22","318/25052",0.245096463464513,0.280110243959444,0.257996277331067,"EFO1",1
"GO:0016021","GO:0016021","integral component of membrane","1/22","418/25052",0.309493519009845,0.309493519009845,0.285059820140646,"XET",1
