"","ID","Description","GeneRatio","BgRatio","pvalue","p.adjust","qvalue","geneID","Count"
"GO:0042626","GO:0042626","ATPase-coupled transmembrane transporter activity","2/14","186/21809",0.0061544021376491,0.0460133408613527,0.0233206016061437,"ABCB4/ABCB9",2
"GO:0005507","GO:0005507","copper ion binding","2/14","191/21809",0.00647877986583201,0.0460133408613527,0.0233206016061437,"FBA6/sks9",2
"GO:0004805","GO:0004805","trehalose-phosphatase activity","1/14","11/21809",0.00704029304941212,0.0460133408613527,0.0233206016061437,"TPPF",1
"GO:0015399","GO:0015399","primary active transmembrane transporter activity","2/14","209/21809",0.00771000249654176,0.0460133408613527,0.0233206016061437,"ABCB4/ABCB9",2
"GO:0008559","GO:0008559","ATPase-coupled xenobiotic transmembrane transporter activity","1/14","15/21809",0.0095889679699247,0.0460133408613527,0.0233206016061437,"ABCB4",1
"GO:0010329","GO:0010329","auxin efflux transmembrane transporter activity","1/14","16/21809",0.0102251868580784,0.0460133408613527,0.0233206016061437,"ABCB4",1
"GO:0016832","GO:0016832","aldehyde-lyase activity","1/14","22/21809",0.0140345376103997,0.0473665644350991,0.0240064459125259,"FBA6",1
"GO:0004724","GO:0004724","magnesium-dependent protein serine/threonine phosphatase activity","1/14","31/21809",0.0197230448069058,0.0484111099805869,0.0245358452143326,"ATHPP2C5",1
