"","ID","Description","GeneRatio","BgRatio","pvalue","p.adjust","qvalue","geneID","Count"
"GO:0099503","GO:0099503","secretory vesicle","4/30","173/25052",5.23142557403189e-05,0.000104628511480638,5.50676376213883e-05,"ATPDI6/NA/NA/ChiC",4
"GO:0005615","GO:0005615","extracellular space","1/30","130/25052",0.144588090374368,0.144588090374368,0.0760989949338781,"AtCAPE8",1
