"","ID","Description","GeneRatio","BgRatio","pvalue","p.adjust","qvalue","geneID","Count"
"GO:0019887","GO:0019887","protein kinase regulator activity","7/69","91/21809",1.52282821564117e-08,7.73847766135574e-07,5.76469590967391e-07,"AtTPX2/CYCB2;1/CYC2/CYCB2;2/CYC1/CYC1BAT/NA",7
"GO:0019207","GO:0019207","kinase regulator activity","7/69","97/21809",2.38107004964792e-08,7.73847766135574e-07,5.76469590967391e-07,"AtTPX2/CYCB2;1/CYC2/CYCB2;2/CYC1/CYC1BAT/NA",7
"GO:0008092","GO:0008092","cytoskeletal protein binding","7/69","308/21809",5.33772653244783e-05,0.000693904449218218,0.000516916674721263,"NET3A/AtTPX2/ATNACK1/CORD4/EDE1/MadA1/NA",7
"GO:0009055","GO:0009055","electron transfer activity","5/69","159/21809",0.000149197174815359,0.00151184431394437,0.00112623220148083,"AtENODL14/AtENODL15/NA/NA/AtENODL13",5
"GO:0010997","GO:0010997","anaphase-promoting complex binding","2/69","10/21809",0.000436717661160132,0.00283866479754086,0.00211463288561748,"AtCDC20.1/CCS52B",2
