"","ID","Description","GeneRatio","BgRatio","pvalue","p.adjust","qvalue","geneID","Count"
"GO:0031012","GO:0031012","extracellular matrix","2/42","21/25052",0.000564682533098554,0.0163757934598581,0.0106992479955515,"ATGER1/ATGER3",2
"GO:0099503","GO:0099503","secretory vesicle","3/42","173/25052",0.00304875813627169,0.0442069929759396,0.0288829718173108,"NA/ATGER3/DIR1-like",3
