"","ID","Description","GeneRatio","BgRatio","pvalue","p.adjust","qvalue","geneID","Count"
"GO:0031012","GO:0031012","extracellular matrix","1/16","21/25052",0.0133320776362815,0.0933245434539707,0.0701688296646396,"ATPSK2",1
"GO:0005770","GO:0005770","late endosome","1/16","67/25052",0.0419556121243266,0.140470662300359,0.105617039323578,"AtDTX50",1
"GO:0005887","GO:0005887","integral component of plasma membrane","1/16","97/25052",0.0602017124144395,0.140470662300359,0.105617039323578,"ATRBOH",1
"GO:0009505","GO:0009505","plant-type cell wall","1/16","235/25052",0.140016070470957,0.223672984067664,0.168175175990725,"Prx47",1
"GO:0031226","GO:0031226","intrinsic component of plasma membrane","1/16","271/25052",0.159766417191188,0.223672984067664,0.168175175990725,"ATRBOH",1
"GO:0005768","GO:0005768","endosome","1/16","417/25052",0.235588187946485,0.236084659998153,0.177507263156506,"AtDTX50",1
"GO:0016021","GO:0016021","integral component of membrane","1/16","418/25052",0.236084659998153,0.236084659998153,0.177507263156506,"ATRBOH",1
