"","ID","Description","GeneRatio","BgRatio","pvalue","p.adjust","qvalue","geneID","Count"
"GO:0005992","GO:0005992","trehalose biosynthetic process","2/31","16/21826",0.000231392810542512,0.0187450329207958,0.0147121680357123,"ATTPPB/TPPH",2
"GO:0005991","GO:0005991","trehalose metabolic process","2/31","19/21826",0.000328860226680628,0.0187450329207958,0.0147121680357123,"ATTPPB/TPPH",2
"GO:0009312","GO:0009312","oligosaccharide biosynthetic process","2/31","38/21826",0.0013294502267474,0.0378893314623008,0.0297377024404023,"ATTPPB/TPPH",2
