"","ID","Description","GeneRatio","BgRatio","pvalue","p.adjust","qvalue","geneID","Count"
"GO:0031012","GO:0031012","extracellular matrix","2/43","21/25052",0.000591928961367251,0.0171659398796503,0.0112154961101163,"ATGER1/ATGER3",2
"GO:0048046","GO:0048046","apoplast","4/43","298/25052",0.00168079110119388,0.0243714709673112,0.0159232841165736,"NA/ATCAT3/ATNIT1/ATGER3",4
"GO:0099503","GO:0099503","secretory vesicle","3/43","173/25052",0.00326093948279739,0.0315224150003747,0.020595407259773,"NA/ATGER3/DIR1-like",3
"GO:0009534","GO:0009534","chloroplast thylakoid","4/43","411/25052",0.00531803448840455,0.0316410462351965,0.0206729158705458,"LHB1B1/NA/CCL/PORA",4
"GO:0031976","GO:0031976","plastid thylakoid","4/43","414/25052",0.0054553527991718,0.0316410462351965,0.0206729158705458,"LHB1B1/NA/CCL/PORA",4
