"","ID","Description","GeneRatio","BgRatio","pvalue","p.adjust","qvalue","geneID","Count"
"GO:0001216","GO:0001216","DNA-binding transcription activator activity","8/316","74/21875",1.14334417637152e-05,0.00293839453327481,0.00275606122514819,"NA/AtbHLH112/UKTF1/DROP1/ATBZIP12/NA/bhlh68/DROP2",8
"GO:0080161","GO:0080161","auxin transmembrane transporter activity","4/316","19/21875",0.00013952305092133,0.0113682803208794,0.0106628555948449,"ATPIN1/PIN6/LAX3/AtAUX1",4
"GO:0032029","GO:0032029","myosin tail binding","3/316","14/21875",0.000965767773449023,0.035457473968057,0.0332572661834325,"MyoB1/MyoB2/MyoB3",3
"GO:0032036","GO:0032036","myosin heavy chain binding","3/316","14/21875",0.000965767773449023,0.035457473968057,0.0332572661834325,"MyoB1/MyoB2/MyoB3",3
"GO:0080115","GO:0080115","myosin XI tail binding","3/316","14/21875",0.000965767773449023,0.035457473968057,0.0332572661834325,"MyoB1/MyoB2/MyoB3",3
