"","ID","Description","GeneRatio","BgRatio","pvalue","p.adjust","qvalue","geneID","Count"
"GO:0010088","GO:0010088","phloem development","2/34","12/21826",0.000153943974246281,0.0158145538259542,0.0124121613592438,"APL/DAR2",2
"GO:0048579","GO:0048579","negative regulation of long-day photoperiodism, flowering","2/34","13/21826",0.000181756101117078,0.0158145538259542,0.0124121613592438,"CDF5/EFM",2
"GO:0003008","GO:0003008","system process","2/34","21/21826",0.000485534547288067,0.0158145538259542,0.0124121613592438,"ATSUC2/NAKR1",2
"GO:0003013","GO:0003013","circulatory system process","2/34","21/21826",0.000485534547288067,0.0158145538259542,0.0124121613592438,"ATSUC2/NAKR1",2
"GO:0003018","GO:0003018","vascular process in circulatory system","2/34","21/21826",0.000485534547288067,0.0158145538259542,0.0124121613592438,"ATSUC2/NAKR1",2
"GO:0010232","GO:0010232","vascular transport","2/34","21/21826",0.000485534547288067,0.0158145538259542,0.0124121613592438,"ATSUC2/NAKR1",2
"GO:0010233","GO:0010233","phloem transport","2/34","21/21826",0.000485534547288067,0.0158145538259542,0.0124121613592438,"ATSUC2/NAKR1",2
"GO:0005985","GO:0005985","sucrose metabolic process","2/34","46/21826",0.00233534973490413,0.048405430868922,0.0379913354003543,"ATSUC2/ASUS1",2
"GO:0048571","GO:0048571","long-day photoperiodism","2/34","46/21826",0.00233534973490413,0.048405430868922,0.0379913354003543,"CDF5/EFM",2
