"","ID","Description","GeneRatio","BgRatio","pvalue","p.adjust","qvalue","geneID","Count"
"GO:0010168","GO:0010168","ER body","5/25","12/25052",5.09546620931911e-13,5.09546620931911e-12,2.14545945655542e-12,"ERMO3/BGLU23/NAI2/MEB1/MEB2",5
"GO:0009986","GO:0009986","cell surface","2/25","19/25052",0.000161793470895596,0.000808967354477978,0.000340617833464412,"ANN3/ANNAT2",2
