"","ID","Description","GeneRatio","BgRatio","pvalue","p.adjust","qvalue","geneID","Count"
"GO:0009299","GO:0009299","mRNA transcription","4/33","16/21826",7.77853231416307e-09,2.1702105156515e-06,1.66214953660537e-06,"LSH3/LSH2/LSH4/LSH1",4
"GO:0090698","GO:0090698","post-embryonic plant morphogenesis","5/33","201/21826",1.21272132820535e-05,0.00169174625284646,0.00129569699802993,"ATK1/LSH3/LSH2/LSH4/LSH1",5
"GO:0010073","GO:0010073","meristem maintenance","4/33","144/21826",6.40796902314294e-05,0.00560326411666407,0.00429150203992759,"KNAT6/BUM/LSH3/TFL-1",4
"GO:0009908","GO:0009908","flower development","6/33","488/21826",8.03335357227824e-05,0.00560326411666407,0.00429150203992759,"BUM/ATK1/LSH3/atbzip14/TFL-1/SHI",6
