"","ID","Description","GeneRatio","BgRatio","pvalue","p.adjust","qvalue","geneID","Count"
"GO:0042626","GO:0042626","ATPase-coupled transmembrane transporter activity","2/15","186/21809",0.00706161294511788,0.0492830718338784,0.0249777751984569,"ABCB4/ABCB9",2
"GO:0005507","GO:0005507","copper ion binding","2/15","191/21809",0.00743268345493357,0.0492830718338784,0.0249777751984569,"FBA6/sks9",2
"GO:0004805","GO:0004805","trehalose-phosphatase activity","1/15","11/21809",0.00754144270651025,0.0492830718338784,0.0249777751984569,"TPPF",1
"GO:0015399","GO:0015399","primary active transmembrane transporter activity","2/15","209/21809",0.00884037850623109,0.0492830718338784,0.0249777751984569,"ABCB4/ABCB9",2
"GO:0008559","GO:0008559","ATPase-coupled xenobiotic transmembrane transporter activity","1/15","15/21809",0.0102705997882523,0.0492830718338784,0.0249777751984569,"ABCB4",1
"GO:0010329","GO:0010329","auxin efflux transmembrane transporter activity","1/15","16/21809",0.0109517937408619,0.0492830718338784,0.0249777751984569,"ABCB4",1
