"","ID","Description","GeneRatio","BgRatio","pvalue","p.adjust","qvalue","geneID","Count"
"GO:0045177","GO:0045177","apical part of cell","2/45","25/25052",0.000921925450978069,0.00921925450978069,0.00679313490194367,"ATPIN1/OPS",2
"GO:0098590","GO:0098590","plasma membrane region","2/45","61/25052",0.00539767176373642,0.0269883588186821,0.0198861591295552,"ATPIN1/OPS",2
