"","ID","Description","GeneRatio","BgRatio","pvalue","p.adjust","qvalue","geneID","Count"
"GO:0005802","GO:0005802","trans-Golgi network","1/22","312/25052",0.241055708548446,0.292011465130412,0.292011465130412,"FL1",1
"GO:0031225","GO:0031225","anchored component of membrane","1/22","314/25052",0.242404915321466,0.292011465130412,0.292011465130412,"AtRLP17",1
"GO:0098791","GO:0098791","Golgi apparatus subcompartment","1/22","390/25052",0.292011465130412,0.292011465130412,0.292011465130412,"FL1",1
