"","ID","Description","GeneRatio","BgRatio","pvalue","p.adjust","qvalue","geneID","Count"
"GO:0102336","GO:0102336","3-oxo-arachidoyl-CoA synthase activity","3/54","23/21809",2.45361495153887e-05,0.000552063364096246,0.000419697294342176,"FDH/KCS19/KCS20",3
"GO:0102337","GO:0102337","3-oxo-cerotoyl-CoA synthase activity","3/54","23/21809",2.45361495153887e-05,0.000552063364096246,0.000419697294342176,"FDH/KCS19/KCS20",3
"GO:0102338","GO:0102338","3-oxo-lignoceronyl-CoA synthase activity","3/54","23/21809",2.45361495153887e-05,0.000552063364096246,0.000419697294342176,"FDH/KCS19/KCS20",3
"GO:0102756","GO:0102756","very-long-chain 3-ketoacyl-CoA synthase activity","3/54","23/21809",2.45361495153887e-05,0.000552063364096246,0.000419697294342176,"FDH/KCS19/KCS20",3
"GO:0008289","GO:0008289","lipid binding","6/54","268/21809",5.12864924249189e-05,0.00092315686364854,0.00070181515949889,"HDG12/LTPG1/ATHB-14/PDF2/ATML1/FL1",6
"GO:0042389","GO:0042389","omega-3 fatty acid desaturase activity","2/54","12/21809",0.00039089275140237,0.00586339127103554,0.00445754891950071,"ADS1/NA",2
"GO:0015562","GO:0015562","efflux transmembrane transporter activity","2/54","16/21809",0.000706214102303061,0.00907989560103935,0.00690284460897729,"ABCG11/ABCG12",2
"GO:0016717","GO:0016717","oxidoreductase activity, acting on paired donors, with oxidation of a pair of donors resulting in the reduction of molecular oxygen to two molecules of water","2/54","26/21809",0.00188256588430612,0.0211788661984438,0.0161008924315655,"ADS1/NA",2
