"","ID","Description","GeneRatio","BgRatio","pvalue","p.adjust","qvalue","geneID","Count"
"GO:0009986","GO:0009986","cell surface","2/41","19/25052",0.000439047648577455,0.0039514288371971,0.00369724335644173,"ANNAT4/ANN3",2
"GO:0048046","GO:0048046","apoplast","2/41","298/25052",0.0854429641198822,0.38449333853947,0.35975984892582,"ATDHAR1/ANN1",2
"GO:0009705","GO:0009705","plant-type vacuole membrane","1/41","129/25052",0.190902544336793,0.413829860300237,0.387209226011917,"AtSWEET17",1
"GO:0099503","GO:0099503","secretory vesicle","1/41","173/25052",0.247490053501568,0.413829860300237,0.387209226011917,"AT-BETA-AMY",1
"GO:0000325","GO:0000325","plant-type vacuole","1/41","177/25052",0.252438576423846,0.413829860300237,0.387209226011917,"AtSWEET17",1
"GO:0005789","GO:0005789","endoplasmic reticulum membrane","1/41","293/25052",0.38290765181598,0.413829860300237,0.387209226011917,"PILS3",1
"GO:0042175","GO:0042175","nuclear outer membrane-endoplasmic reticulum membrane network","1/41","298/25052",0.38800057985646,0.413829860300237,0.387209226011917,"PILS3",1
"GO:0005777","GO:0005777","peroxisome","1/41","324/25052",0.413829860300237,0.413829860300237,0.387209226011917,"ATDHAR1",1
"GO:0042579","GO:0042579","microbody","1/41","324/25052",0.413829860300237,0.413829860300237,0.387209226011917,"ATDHAR1",1
