"","ID","Description","GeneRatio","BgRatio","pvalue","p.adjust","qvalue","geneID","Count"
"GO:0009505","GO:0009505","plant-type cell wall","1/20","235/25052",0.171855070298971,0.324266121740813,0.324266121740813,"ATEXP4",1
"GO:0005730","GO:0005730","nucleolus","1/20","486/25052",0.324266121740813,0.324266121740813,0.324266121740813,"TPPJ",1
