"","ID","Description","GeneRatio","BgRatio","pvalue","p.adjust","qvalue","geneID","Count"
"GO:0048046","GO:0048046","apoplast","20/333","301/25124",4.39772421355584e-09,1.72435824672423e-07,1.60295776865684e-07,"NA/CLE43/BGLU40/GDSL1/ANN1/SKS6/GDPDL1/CLE17/CLE13/sks5/NA/CLE16/ARPN/AtPNP-A/ATGSTF10/NA/RALFL24/NA/ATCAD9/ATSBT1.3",20
"GO:0010168","GO:0010168","ER body","6/333","12/25124",4.47885258889412e-09,1.72435824672423e-07,1.60295776865684e-07,"ERMO3/BGLU23/NAI2/NA/ML3/MEB2",6
"GO:0009986","GO:0009986","cell surface","5/333","19/25124",3.96235690850028e-06,0.000101700493984841,9.45404455361471e-05,"ABCG11/ANNAT4/ANN3/ACR4/ANNAT2",5
"GO:0099503","GO:0099503","secretory vesicle","9/333","174/25124",0.000547083690405311,0.0105313610403022,0.00978991867041082,"LTPG1/SKS6/ATTLL1/GDPDL1/sks5/ARPN/PLAT2/NAI2/ML3",9
"GO:0009505","GO:0009505","plant-type cell wall","10/333","235/25124",0.00123716982588815,0.0190524153186776,0.0177110627706094,"AT-EXP10/LTPG1/NA/BDG1/NA/AtLtpI-5/ATGRP-5/PME34/BDX/DGR2",10
