"","ID","Description","GeneRatio","BgRatio","pvalue","p.adjust","qvalue","geneID","Count"
"GO:0102336","GO:0102336","3-oxo-arachidoyl-CoA synthase activity","8/286","23/21875",3.20255489179676e-10,2.12969900304485e-08,1.78668851858135e-08,"KCS1/AtCER6/KCS8/FDH/KCS12/KCS16/KCS19/KCS20",8
"GO:0102337","GO:0102337","3-oxo-cerotoyl-CoA synthase activity","8/286","23/21875",3.20255489179676e-10,2.12969900304485e-08,1.78668851858135e-08,"KCS1/AtCER6/KCS8/FDH/KCS12/KCS16/KCS19/KCS20",8
"GO:0102338","GO:0102338","3-oxo-lignoceronyl-CoA synthase activity","8/286","23/21875",3.20255489179676e-10,2.12969900304485e-08,1.78668851858135e-08,"KCS1/AtCER6/KCS8/FDH/KCS12/KCS16/KCS19/KCS20",8
"GO:0102756","GO:0102756","very-long-chain 3-ketoacyl-CoA synthase activity","8/286","23/21875",3.20255489179676e-10,2.12969900304485e-08,1.78668851858135e-08,"KCS1/AtCER6/KCS8/FDH/KCS12/KCS16/KCS19/KCS20",8
"GO:0008289","GO:0008289","lipid binding","12/286","269/21875",0.000236028083801182,0.0073278223976007,0.00614759932050395,"HDG2/HDG12/MLP423/LTPG1/ANNAT4/LTPG2/PDF2/ATML1/ML3/NA/FL1/HB-7",12
"GO:0003996","GO:0003996","acyl-CoA ligase activity","3/286","10/21875",0.000247933840520324,0.0073278223976007,0.00614759932050395,"LACS2/LACS3/CER8",3
"GO:0004467","GO:0004467","long-chain fatty acid-CoA ligase activity","3/286","10/21875",0.000247933840520324,0.0073278223976007,0.00614759932050395,"LACS2/LACS3/CER8",3
"GO:0004364","GO:0004364","glutathione transferase activity","5/286","59/21875",0.00103751126681168,0.0229981664143255,0.0192940691722873,"ATGSTU17/ATGSTU26/ATGSTU13/ATGSTF10/ATGSTU27",5
