"","ID","Description","GeneRatio","BgRatio","pvalue","p.adjust","qvalue","geneID","Count"
"GO:0005992","GO:0005992","trehalose biosynthetic process","2/33","16/21826",0.000262518248883338,0.0233142563968202,0.0172770910561699,"ATTPPB/TPPH",2
"GO:0005991","GO:0005991","trehalose metabolic process","2/33","19/21826",0.000373028102349123,0.0233142563968202,0.0172770910561699,"ATTPPB/TPPH",2
"GO:0009312","GO:0009312","oligosaccharide biosynthetic process","2/33","38/21826",0.00150626112189179,0.0470706600591186,0.0348818365069679,"ATTPPB/TPPH",2
