"","ID","Description","GeneRatio","BgRatio","pvalue","p.adjust","qvalue","geneID","Count"
"GO:0031012","GO:0031012","extracellular matrix","1/24","21/25052",0.0199344675603269,0.0398689351206538,0.020983650063502,"ATPSK5",1
"GO:0005730","GO:0005730","nucleolus","1/24","486/25052",0.375238367938099,0.375238367938099,0.197493877862157,"TPPJ",1
