"","ID","Description","GeneRatio","BgRatio","pvalue","p.adjust","qvalue","geneID","Count"
"GO:0005874","GO:0005874","microtubule","7/193","169/25124",0.000342280720372752,0.00911503187438071,0.00707614316563766,"ARK3/VETH2/CORD4/NA/KINESIN-12B/ATK5/WVD2",7
"GO:0009986","GO:0009986","cell surface","3/193","19/25124",0.000394981232331696,0.00911503187438071,0.00707614316563766,"AtSDD1/ABCG11/ACR4",3
"GO:0099081","GO:0099081","supramolecular polymer","7/193","184/25124",0.000569689492148794,0.00911503187438071,0.00707614316563766,"ARK3/VETH2/CORD4/NA/KINESIN-12B/ATK5/WVD2",7
"GO:0099512","GO:0099512","supramolecular fiber","7/193","184/25124",0.000569689492148794,0.00911503187438071,0.00707614316563766,"ARK3/VETH2/CORD4/NA/KINESIN-12B/ATK5/WVD2",7
"GO:0099513","GO:0099513","polymeric cytoskeletal fiber","7/193","184/25124",0.000569689492148794,0.00911503187438071,0.00707614316563766,"ARK3/VETH2/CORD4/NA/KINESIN-12B/ATK5/WVD2",7
"GO:0046658","GO:0046658","anchored component of plasma membrane","6/193","174/25124",0.00231377523783273,0.0189183743781615,0.0146866327409412,"LTPG1/NA/ARPN/COBL1/LTPG2/NA",6
"GO:0048046","GO:0048046","apoplast","8/193","301/25124",0.00236479679727019,0.0189183743781615,0.0146866327409412,"CLE20/GDSL1/CLE17/CLE16/ARPN/NA/ATCAD9/ATSBT1.3",8
"GO:0031225","GO:0031225","anchored component of membrane","8/193","315/25124",0.00312173139331788,0.0227035010423118,0.0176250863354789,"LTPG1/NA/AtRLP17/ARPN/COBL1/NA/LTPG2/NA",8
"GO:0009505","GO:0009505","plant-type cell wall","6/193","235/25124",0.00981147460710763,0.0490573730355381,0.0380840132775888,"LTPG1/BDG1/NA/AtLtpI-5/ROPGAP3/PAE11",6
