"","ID","Description","GeneRatio","BgRatio","pvalue","p.adjust","qvalue","geneID","Count"
"GO:0016709","GO:0016709","oxidoreductase activity, acting on paired donors, with incorporation or reduction of molecular oxygen, NAD(P)H as one donor, and incorporation of one atom of oxygen","3/10","146/21809",3.40754244809069e-05,0.000954111885465394,0.000430426414495666,"BUS1/FMO/CYP79A2",3
"GO:0004084","GO:0004084","branched-chain-amino-acid transaminase activity","1/10","10/21809",0.00457675592234263,0.0320372914563984,0.0144529134389767,"BCAT4",1
"GO:0046912","GO:0046912","transferase activity, transferring acyl groups, acyl groups converted into alkyl on transfer","1/10","17/21809",0.007769258857798,0.0368989101798959,0.0166461248931861,"GSM1",1
"GO:0005506","GO:0005506","iron ion binding","2/10","324/21809",0.00915133405096419,0.0368989101798959,0.0166461248931861,"BUS1/CYP79A2",2
"GO:0008028","GO:0008028","monocarboxylic acid transmembrane transporter activity","1/10","23/21809",0.0104983522724923,0.0368989101798959,0.0166461248931861,"BASS5",1
"GO:0020037","GO:0020037","heme binding","2/10","370/21809",0.0118051969985748,0.0368989101798959,0.0166461248931861,"BUS1/CYP79A2",2
"GO:0016671","GO:0016671","oxidoreductase activity, acting on a sulfur group of donors, disulfide as acceptor","1/10","40/21809",0.0181941359811814,0.0463123461339162,0.0208927877295862,"ATMSRA2",1
