"","ID","Description","GeneRatio","BgRatio","pvalue","p.adjust","qvalue","geneID","Count"
"GO:0019748","GO:0019748","secondary metabolic process","6/35","363/21826",2.1928325375788e-05,0.00414445349602394,0.00286222352273444,"ATGSTF3/AtKFB50/GH3.5/PRX52/Rap2.6L/ASFT",6
"GO:0043455","GO:0043455","regulation of secondary metabolic process","3/35","65/21826",0.000154129540618743,0.0145652415884712,0.0100589805456443,"AtKFB50/GH3.5/PRX52",3
"GO:2000762","GO:2000762","regulation of phenylpropanoid metabolic process","2/35","25/21826",0.000732277376644868,0.0461334747286267,0.0318604893698118,"AtKFB50/PRX52",2
"GO:0009698","GO:0009698","phenylpropanoid metabolic process","3/35","133/21826",0.00125536921956389,0.0474529564995149,0.0327717438370362,"AtKFB50/PRX52/ASFT",3
