"","ID","Description","GeneRatio","BgRatio","pvalue","p.adjust","qvalue","geneID","Count"
"GO:0005089","GO:0005089","Rho guanyl-nucleotide exchange factor activity","2/30","16/21809",0.000216892530234084,0.00462421169559527,0.00330300835399662,"ATROPGEF2/ATROPGEF3",2
"GO:0005088","GO:0005088","Ras guanyl-nucleotide exchange factor activity","2/30","24/21809",0.000495451253099493,0.00462421169559527,0.00330300835399662,"ATROPGEF2/ATROPGEF3",2
"GO:0017048","GO:0017048","Rho GTPase binding","2/30","24/21809",0.000495451253099493,0.00462421169559527,0.00330300835399662,"ATROPGEF2/ATROPGEF3",2
