"","ID","Description","GeneRatio","BgRatio","pvalue","p.adjust","qvalue","geneID","Count"
"GO:0090558","GO:0090558","plant epidermis development","7/32","283/21826",1.45909682400401e-07,1.94309214106213e-05,1.35070953201935e-05,"AtSDD1/NA/atEPF1/ATROPGEF4/MUTE/WVD2/TRY",7
"GO:0090626","GO:0090626","plant epidermis morphogenesis","5/32","94/21826",2.44414105793978e-07,1.94309214106213e-05,1.35070953201935e-05,"AtSDD1/NA/atEPF1/WVD2/TRY",5
"GO:0010374","GO:0010374","stomatal complex development","4/32","66/21826",2.57259133558088e-06,0.000136347340785787,9.47796807845589e-05,"AtSDD1/NA/atEPF1/MUTE",4
"GO:0010103","GO:0010103","stomatal complex morphogenesis","3/32","30/21826",1.13137928289257e-05,0.000449723264949798,0.000312617959746632,"AtSDD1/NA/atEPF1",3
"GO:0090698","GO:0090698","post-embryonic plant morphogenesis","4/32","201/21826",0.000205101079322765,0.00652221432246393,0.00453381333239797,"AtSDD1/NA/atEPF1/ATNEK5",4
"GO:0010091","GO:0010091","trichome branching","2/32","30/21826",0.000882949038342033,0.0200555567280548,0.0139413006054005,"WVD2/TRY",2
"GO:0045168","GO:0045168","cell-cell signaling involved in cell fate commitment","2/32","40/21826",0.00156880751616582,0.0311800493837958,0.0216743143680805,"CLE9/CLE10",2
"GO:0090627","GO:0090627","plant epidermal cell differentiation","3/32","172/21826",0.00201649755594806,0.0356247901550824,0.0247640050730463,"NA/atEPF1/ATROPGEF4",3
"GO:0010016","GO:0010016","shoot system morphogenesis","3/32","199/21826",0.00304778602741596,0.0484597978359138,0.0336860560924922,"AtSDD1/NA/atEPF1",3
