"","ID","Description","GeneRatio","BgRatio","pvalue","p.adjust","qvalue","geneID","Count"
"GO:0031312","GO:0031312","extrinsic component of organelle membrane","2/30","14/25052",0.000125028658180435,0.00112525792362391,0.000394827341622425,"A11/DFR",2
"GO:0009705","GO:0009705","plant-type vacuole membrane","3/30","129/25052",0.000489172141849965,0.00220127463832484,0.000772377066078893,"A11/ATCHS/ATGSTF12",3
"GO:0000325","GO:0000325","plant-type vacuole","3/30","177/25052",0.00122343733181597,0.00367031199544792,0.0012878287703326,"A11/ATCHS/ATGSTF12",3
"GO:0019898","GO:0019898","extrinsic component of membrane","2/30","76/25052",0.00373934286388866,0.00841352144374948,0.00295211278728052,"A11/DFR",2
"GO:0005789","GO:0005789","endoplasmic reticulum membrane","2/30","293/25052",0.0478365954242621,0.064354664475298,0.0225805840264203,"A11/DFR",2
"GO:0042175","GO:0042175","nuclear outer membrane-endoplasmic reticulum membrane network","2/30","298/25052",0.0493055215290302,0.064354664475298,0.0225805840264203,"A11/DFR",2
"GO:0005777","GO:0005777","peroxisome","2/30","324/25052",0.0572041462002649,0.064354664475298,0.0225805840264203,"ATC4H/KAT5",2
"GO:0042579","GO:0042579","microbody","2/30","324/25052",0.0572041462002649,0.064354664475298,0.0225805840264203,"ATC4H/KAT5",2
"GO:0009505","GO:0009505","plant-type cell wall","1/30","235/25052",0.246410453799635,0.246410453799635,0.0864598083507492,"ATC4H",1
