"","ID","Description","GeneRatio","BgRatio","pvalue","p.adjust","qvalue","geneID","Count"
"GO:0009753","GO:0009753","response to jasmonic acid","6/35","205/21826",8.2529132385975e-07,0.000174136469334407,0.000131177884108234,"ATDHAR1/JAZ8/ILL6/JAZ7/JAZ13/ATWRKY51",6
"GO:0009867","GO:0009867","jasmonic acid mediated signaling pathway","4/35","107/21826",2.5426962184364e-05,0.00206602724332533,0.00155634878394674,"JAZ8/JAZ7/JAZ13/ATWRKY51",4
"GO:0071395","GO:0071395","cellular response to jasmonic acid stimulus","4/35","111/21826",2.93747949287961e-05,0.00206602724332533,0.00155634878394674,"JAZ8/JAZ7/JAZ13/ATWRKY51",4
"GO:0009966","GO:0009966","regulation of signal transduction","5/35","333/21826",0.000178815332179646,0.00610038687802687,0.00459545232517864,"ATDHAR1/JAZ8/JAZ7/JAZ13/NA",5
"GO:0023051","GO:0023051","regulation of signaling","5/35","338/21826",0.000191632315066893,0.00610038687802687,0.00459545232517864,"ATDHAR1/JAZ8/JAZ7/JAZ13/NA",5
"GO:0010646","GO:0010646","regulation of cell communication","5/35","342/21826",0.000202382503062503,0.00610038687802687,0.00459545232517864,"ATDHAR1/JAZ8/JAZ7/JAZ13/NA",5
"GO:0031347","GO:0031347","regulation of defense response","4/35","258/21826",0.00074866992035463,0.0197461691493534,0.0148748892070459,"JAZ8/ILL6/JAZ7/JAZ13",4
