"","ID","Description","GeneRatio","BgRatio","pvalue","p.adjust","qvalue","geneID","Count"
"GO:0009956","GO:0009956","radial pattern formation","2/10","26/21826",6.10449670216986e-05,0.00139575328430455,0.000550955243804428,"ATDOF2.4/DOF5.6",2
"GO:0048508","GO:0048508","embryonic meristem development","2/10","31/21826",8.72345802690344e-05,0.00139575328430455,0.000550955243804428,"ATWOX14/DOF5.6",2
"GO:0010087","GO:0010087","phloem or xylem histogenesis","2/10","103/21826",0.000968275263326376,0.0103282694754813,0.00407694847716369,"ATWOX14/DOF5.6",2
"GO:0048507","GO:0048507","meristem development","2/10","282/21826",0.00699044075681673,0.0248423277938805,0.0098061820239002,"ATWOX14/DOF5.6",2
"GO:0007292","GO:0007292","female gamete generation","1/10","16/21826",0.00730807295276004,0.0248423277938805,0.0098061820239002,"NA",1
"GO:1905177","GO:1905177","tracheary element differentiation","1/10","17/21826",0.00776322743558766,0.0248423277938805,0.0098061820239002,"anac075",1
"GO:0010497","GO:0010497","plasmodesmata-mediated intercellular transport","1/10","19/21826",0.00867297297933822,0.0252304668489839,0.00995939480880944,"ATDOF2.4",1
"GO:0090421","GO:0090421","embryonic meristem initiation","1/10","22/21826",0.0100361837734189,0.026763156729117,0.0105644039720199,"ATWOX14",1
"GO:0007140","GO:0007140","male meiotic nuclear division","1/10","28/21826",0.0127575450966839,0.0291601030781347,0.0115105670045268,"NA",1
