"","ID","Description","GeneRatio","BgRatio","pvalue","p.adjust","qvalue","geneID","Count"
"GO:0003008","GO:0003008","system process","4/164","21/21895",1.64418998577026e-05,0.00210456318178594,0.00200418105633891,"ATGSL07/ATSUC2/NAKR1/AtNPF2.11",4
"GO:0003013","GO:0003013","circulatory system process","4/164","21/21895",1.64418998577026e-05,0.00210456318178594,0.00200418105633891,"ATGSL07/ATSUC2/NAKR1/AtNPF2.11",4
"GO:0003018","GO:0003018","vascular process in circulatory system","4/164","21/21895",1.64418998577026e-05,0.00210456318178594,0.00200418105633891,"ATGSL07/ATSUC2/NAKR1/AtNPF2.11",4
"GO:0010232","GO:0010232","vascular transport","4/164","21/21895",1.64418998577026e-05,0.00210456318178594,0.00200418105633891,"ATGSL07/ATSUC2/NAKR1/AtNPF2.11",4
"GO:0010233","GO:0010233","phloem transport","4/164","21/21895",1.64418998577026e-05,0.00210456318178594,0.00200418105633891,"ATGSL07/ATSUC2/NAKR1/AtNPF2.11",4
"GO:0009956","GO:0009956","radial pattern formation","4/164","26/21895",3.98883310094691e-05,0.0042547553076767,0.00405181467622501,"OBP2/DOF6/DOF5.3/DOF5.6",4
"GO:0006878","GO:0006878","cellular copper ion homeostasis","3/164","12/21895",8.63781981990412e-05,0.0069102558559233,0.00658065483647959,"COPT4/ATMT3/CCH",3
"GO:0010088","GO:0010088","phloem development","3/164","12/21895",8.63781981990412e-05,0.0069102558559233,0.00658065483647959,"APL/DAR2/AtSEOR2",3
"GO:0055070","GO:0055070","copper ion homeostasis","3/164","18/21895",0.000309966690331135,0.0220420757568807,0.02099072674874,"COPT4/ATMT3/CCH",3
