"","ID","Description","GeneRatio","BgRatio","pvalue","p.adjust","qvalue","geneID","Count"
"GO:0010089","GO:0010089","xylem development","5/28","42/21826",1.96160107549205e-09,3.49164991437586e-07,2.62235091144727e-07,"AHP6/ANAC037/AO1/ATHB-8/ACL5",5
"GO:0009832","GO:0009832","plant-type cell wall biogenesis","5/28","188/21826",3.76156722171916e-06,0.000208743460459504,0.000156773621989101,"ANAC037/AtMSR1/AO1/ATFLA11/AtFLA12",5
"GO:0009834","GO:0009834","plant-type secondary cell wall biogenesis","4/28","88/21826",4.69086427998885e-06,0.000208743460459504,0.000156773621989101,"ANAC037/AO1/ATFLA11/AtFLA12",4
"GO:0071669","GO:0071669","plant-type cell wall organization or biogenesis","5/28","303/21826",3.77265318028174e-05,0.00111922044348358,0.000840573603325932,"ANAC037/AtMSR1/AO1/ATFLA11/AtFLA12",5
"GO:0048759","GO:0048759","xylem vessel member cell differentiation","2/28","11/21826",8.6666504232756e-05,0.00220380539334722,0.00165513474249023,"ANAC037/ACL5",2
"GO:0006596","GO:0006596","polyamine biosynthetic process","2/28","14/21826",0.000143052500325793,0.00318291813224889,0.00239048257123364,"BUD2/ACL5",2
"GO:1905177","GO:1905177","tracheary element differentiation","2/28","17/21826",0.000213284179648875,0.00421828710861108,0.00316808079712364,"ANAC037/ACL5",2
"GO:0006595","GO:0006595","polyamine metabolic process","2/28","24/21826",0.000430443525446644,0.00766189475295026,0.00575435028754987,"BUD2/ACL5",2
"GO:0009308","GO:0009308","amine metabolic process","3/28","135/21826",0.000676963376130286,0.0109544982682901,0.00822721040847333,"AO1/BUD2/ACL5",3
