"","ID","Description","GeneRatio","BgRatio","pvalue","p.adjust","qvalue","geneID","Count"
"GO:0048046","GO:0048046","apoplast","16/378","301/25124",1.49378822894342e-05,0.0011800927008653,0.00102206563032971,"ATDHAR1/ATCAT3/RD21/ATGSTU20/ATGSTF7/ACS1/ATMS2/GAPC/RALFL22/NA/ATNIT1/ATCYS-3A/SIR/NA/ATCIMS/ATGSL1",16
"GO:0009505","GO:0009505","plant-type cell wall","13/378","235/25124",6.2505818606011e-05,0.00183876994858879,0.00159253892949062,"SCPL45/LCR69/EXGT-A1/NA/NA/AQP1/BGLU44/AtPAE7/PRXR1/ATPGIP2/ATCBR/AtPAE10/AtPDCB1",13
"GO:0099503","GO:0099503","secretory vesicle","11/378","174/25124",6.9826706908435e-05,0.00183876994858879,0.00159253892949062,"ATGLX1/RD21/NA/HINT1/AT-BETA-AMY/GGP1/NA/ML3/AtGRXC2/DIR1-like/AtXTH22",11
"GO:0000325","GO:0000325","plant-type vacuole","10/378","177/25124",0.000367181102082583,0.00725182676613102,0.0062807293777284,"ABCC1/PHT5;1/SGR6/GAMMA-TIP/AQP1/ATRAB7B/ABCC14/AtSWEET17/ZIF1/ML3",10
"GO:0031226","GO:0031226","intrinsic component of plasma membrane","12/378","273/25124",0.000948556277234874,0.014987189180311,0.0129802437937404,"ATLPP2/AST56/NA/ORF02/AST12/SULTR3;2/ATOPT3/ATPCAP1/NA/PIP2;7/AtPDCB1/AtXYP1",12
"GO:0098807","GO:0098807","chloroplast thylakoid membrane protein complex","3/378","20/25124",0.00318475977825861,0.0362802366996298,0.0314219238571077,"ABA4/LHCB2/LHCB2",3
"GO:0009705","GO:0009705","plant-type vacuole membrane","7/378","129/25124",0.00344026805561164,0.0362802366996298,0.0314219238571077,"PHT5;1/SGR6/GAMMA-TIP/AQP1/ATRAB7B/AtSWEET17/ZIF1",7
