"","ID","Description","GeneRatio","BgRatio","pvalue","p.adjust","qvalue","geneID","Count"
"GO:0048046","GO:0048046","apoplast","4/28","298/25052",0.000320721691640205,0.00962165074920615,0.0081024427361736,"CRB/ATBCA1/ATNIT1/RBCS1B",4
"GO:0010319","GO:0010319","stromule","2/28","34/25052",0.000661006945953197,0.00991510418929795,0.0083495614225667,"CRB/ATBCA1",2
