"","ID","Description","GeneRatio","BgRatio","pvalue","p.adjust","qvalue","geneID","Count"
"GO:0006820","GO:0006820","anion transport","4/29","298/21826",0.000617926682637993,0.0399186428512493,0.0270126154632514,"AtNPF2.13/AtNIP5;1/AtLHT1/AtNPF2.11",4
"GO:0080167","GO:0080167","response to karrikin","3/29","127/21826",0.000629388743105215,0.0399186428512493,0.0270126154632514,"JAO2/AtLHT1/AtNPF2.11",3
"GO:0046686","GO:0046686","response to cadmium ion","4/29","318/21826",0.000787725445827485,0.0399186428512493,0.0270126154632514,"ATPDI6/PCK1/AtGGCT2;1/DES1",4
"GO:0016998","GO:0016998","cell wall macromolecule catabolic process","2/29","33/21826",0.000877332809917566,0.0399186428512493,0.0270126154632514,"NA/NA",2
