"","ID","Description","GeneRatio","BgRatio","pvalue","p.adjust","qvalue","geneID","Count"
"GO:0010168","GO:0010168","ER body","6/300","12/25052",2.44015584382095e-09,1.24447948034869e-07,1.1558632944415e-07,"ERMO3/BGLU23/NAI2/MEB1/ML3/MEB2",6
"GO:0048046","GO:0048046","apoplast","15/300","298/25052",3.51522884057406e-06,8.96383354346386e-05,8.3255419908333e-05,"NA/CLE43/BGLU40/GDSL1/PR-5/sks5/NA/GAL1/ARPN/AtPNP-A/NA/AtBBE19/NA/ATCAD9/ATSBT1.3",15
"GO:0099503","GO:0099503","secretory vesicle","11/300","173/25052",8.17105275175529e-06,0.00013890789677984,0.000129016622396136,"LTPG1/ATTLL1/PR-5/sks5/GAL1/ARPN/PLAT2/AtPR4/NAI2/MERI-5/ML3",11
"GO:0009986","GO:0009986","cell surface","4/300","19/25052",6.77897981779505e-05,0.000864319926768869,0.000802773925791519,"ABCG11/ANNAT4/ANN3/ANNAT2",4
"GO:0009505","GO:0009505","plant-type cell wall","11/300","235/25052",0.000134805522649893,0.00137501633102891,0.00127710495142004,"NA/AT-EXP10/LTPG1/BDG1/NA/AtLtpI-5/ATGRP-5/AtBBE19/MERI-5/BDX/PAE11",11
