"","ID","Description","GeneRatio","BgRatio","pvalue","p.adjust","qvalue","geneID","Count"
"GO:0031012","GO:0031012","extracellular matrix","1/49","21/25052",0.0402968141308884,0.322374513047107,0.29692389359602,"ATPSK3",1
"GO:0005887","GO:0005887","integral component of plasma membrane","1/49","97/25052",0.173269345153449,0.525073725508973,0.483620536653002,"AMT2",1
"GO:0016021","GO:0016021","integral component of membrane","2/49","418/25052",0.196902647065865,0.525073725508973,0.483620536653002,"AMT2/ABCB21",2
"GO:0099503","GO:0099503","secretory vesicle","1/49","173/25052",0.288141967607117,0.52722715603357,0.485603959504604,"NA",1
"GO:0031226","GO:0031226","intrinsic component of plasma membrane","1/49","271/25052",0.41342766943119,0.52722715603357,0.485603959504604,"AMT2",1
"GO:0005802","GO:0005802","trans-Golgi network","1/49","312/25052",0.459183559655824,0.52722715603357,0.485603959504604,"NA",1
"GO:0031225","GO:0031225","anchored component of membrane","1/49","314/25052",0.461323761529374,0.52722715603357,0.485603959504604,"AGP12",1
"GO:0098791","GO:0098791","Golgi apparatus subcompartment","1/49","390/25052",0.536781585166203,0.536781585166203,0.49440409160045,"NA",1
