"","ID","Description","GeneRatio","BgRatio","pvalue","p.adjust","qvalue","geneID","Count"
"GO:0048046","GO:0048046","apoplast","2/20","298/25052",0.0232673134503708,0.186138507602966,0.17144336226589,"GAL1/AtPNP-A",2
"GO:0005887","GO:0005887","integral component of plasma membrane","1/20","97/25052",0.0746828450539204,0.257764673275678,0.237414830648651,"XET",1
"GO:0080008","GO:0080008","Cul4-RING E3 ubiquitin ligase complex","1/20","130/25052",0.0988593460502424,0.257764673275678,0.237414830648651,"EFO1",1
"GO:0099503","GO:0099503","secretory vesicle","1/20","173/25052",0.129462616716979,0.257764673275678,0.237414830648651,"GAL1",1
"GO:0031461","GO:0031461","cullin-RING ubiquitin ligase complex","1/20","241/25052",0.175851820848916,0.257764673275678,0.237414830648651,"EFO1",1
"GO:0031226","GO:0031226","intrinsic component of plasma membrane","1/20","271/25052",0.19556222834217,0.257764673275678,0.237414830648651,"XET",1
"GO:0000151","GO:0000151","ubiquitin ligase complex","1/20","318/25052",0.225544089116218,0.257764673275678,0.237414830648651,"EFO1",1
"GO:0016021","GO:0016021","integral component of membrane","1/20","418/25052",0.28584125009872,0.28584125009872,0.263274835617242,"XET",1
