"","ID","Description","GeneRatio","BgRatio","pvalue","p.adjust","qvalue","geneID","Count"
"GO:0017014","GO:0017014","protein nitrosylation","2/39","16/21826",0.00036747675652811,0.0492437690000328,0.0381865415166869,"ATCAT3/ATGER3",2
"GO:0018119","GO:0018119","peptidyl-cysteine S-nitrosylation","2/39","16/21826",0.00036747675652811,0.0492437690000328,0.0381865415166869,"ATCAT3/ATGER3",2
"GO:0031668","GO:0031668","cellular response to extracellular stimulus","4/39","215/21826",0.000574759853847805,0.0492437690000328,0.0381865415166869,"ATCAT3/ATCOR413-PM1/ATIPS2/ATPCAP1",4
"GO:0071496","GO:0071496","cellular response to external stimulus","4/39","221/21826",0.000637237573671906,0.0492437690000328,0.0381865415166869,"ATCAT3/ATCOR413-PM1/ATIPS2/ATPCAP1",4
"GO:0009409","GO:0009409","response to cold","5/39","425/21826",0.000912556910277038,0.0492437690000328,0.0381865415166869,"ATCAT3/ATCOR413-PM1/ATBCA1/ATPCAP1/ATGER3",5
"GO:0002376","GO:0002376","immune system process","5/39","428/21826",0.000941703578828095,0.0492437690000328,0.0381865415166869,"NA/ATIPS2/NA/ATBCA1/DIR1-like",5
"GO:0009991","GO:0009991","response to extracellular stimulus","4/39","267/21826",0.00128614510868985,0.0492437690000328,0.0381865415166869,"ATCAT3/ATCOR413-PM1/ATIPS2/ATPCAP1",4
"GO:0006833","GO:0006833","water transport","2/39","30/21826",0.00131122461834407,0.0492437690000328,0.0381865415166869,"PIP2;6/ABCG22",2
"GO:0042044","GO:0042044","fluid transport","2/39","30/21826",0.00131122461834407,0.0492437690000328,0.0381865415166869,"PIP2;6/ABCG22",2
