"","ID","Description","GeneRatio","BgRatio","pvalue","p.adjust","qvalue","geneID","Count"
"GO:0048046","GO:0048046","apoplast","5/39","298/25052",9.51902120701666e-05,0.002855706362105,0.00190380424140333,"NA/ATCAT3/ATBCA1/ATNIT1/ATGER3",5
"GO:0009534","GO:0009534","chloroplast thylakoid","5/39","411/25052",0.000421909003586717,0.00365038616899484,0.00243359077932989,"LHB1B1/NA/ATBCA1/CCL/PORA",5
"GO:0031976","GO:0031976","plastid thylakoid","5/39","414/25052",0.000436128159044859,0.00365038616899484,0.00243359077932989,"LHB1B1/NA/ATBCA1/CCL/PORA",5
"GO:0031012","GO:0031012","extracellular matrix","2/39","21/25052",0.000486718155865978,0.00365038616899484,0.00243359077932989,"ATGER1/ATGER3",2
"GO:0042651","GO:0042651","thylakoid membrane","4/39","361/25052",0.00234275471394318,0.00821351284100356,0.00547567522733571,"LHB1B1/NA/ATBCA1/CCL",4
"GO:0034357","GO:0034357","photosynthetic membrane","4/39","362/25052",0.00236629822600667,0.00821351284100356,0.00547567522733571,"LHB1B1/NA/ATBCA1/CCL",4
"GO:0099503","GO:0099503","secretory vesicle","3/39","173/25052",0.00246405385230107,0.00821351284100356,0.00547567522733571,"NA/ATGER3/DIR1-like",3
