"","ID","Description","GeneRatio","BgRatio","pvalue","p.adjust","qvalue","geneID","Count"
"GO:0009620","GO:0009620","response to fungus","10/77","374/21826",7.65610838745976e-07,0.000188933927676694,0.000157947818999264,"AtLEA14/LACS2/At17.1/BGLU26/ATBFRUCT1/MO1/AtBBE19/NA/NA/AtDMR6",10
"GO:0009651","GO:0009651","response to salt stress","11/77","483/21826",9.97012810958808e-07,0.000188933927676694,0.000157947818999264,"ESL1/ATOCT6/AtGolS2/ANAC042/BGLU26/BGLU25/ATCML9/IDL6/HHP1/FAR1/COR78",11
"GO:0009415","GO:0009415","response to water","10/77","407/21826",1.64143648937975e-06,0.000207368143158309,0.000173358730983616,"AtLEA14/ESL1/ATOCT6/AtGolS2/AtPUB23/GPDHC1/ATCML9/RS5/CYP707A3/COR78",10
"GO:0001101","GO:0001101","response to acid chemical","10/77","438/21826",3.15921836015755e-06,0.000299335939624928,0.000250243349054585,"AtLEA14/ESL1/ATOCT6/AtGolS2/AtPUB23/GPDHC1/ATCML9/RS5/CYP707A3/COR78",10
"GO:1901568","GO:1901568","fatty acid derivative metabolic process","3/77","50/21826",0.000734418283525334,0.0397635042080145,0.0332420907279888,"KCS1/LACS2/FAR1",3
