"","ID","Description","GeneRatio","BgRatio","pvalue","p.adjust","qvalue","geneID","Count"
"GO:0046982","GO:0046982","protein heterodimerization activity","9/30","125/21875",6.27000210663595e-14,2.69610090585346e-12,1.716000576553e-12,"CENH3/G-H2AX/NA/H2A.Z/HTA13/H2A.Z/HTA2/h2a.w.6/HTB4",9
"GO:0003682","GO:0003682","chromatin binding","5/30","171/21875",3.34869233134349e-06,7.19968851238851e-05,4.58242108499636e-05,"HMGA/ORTH2/CMT1/H1.2/h2a.w.6",5
"GO:0031491","GO:0031491","nucleosome binding","2/30","26/21875",0.000578941695824917,0.00829816430682382,0.0052815733654203,"HMGA/H1.2",2
"GO:0031490","GO:0031490","chromatin DNA binding","2/30","38/21875",0.00123955811940046,0.013325249783555,0.00848118713274001,"HMGA/H1.2",2
"GO:0016538","GO:0016538","cyclin-dependent protein serine/threonine kinase regulator activity","2/30","53/21875",0.0023989237783985,0.0206307444942271,0.013130951208076,"CYCA3;2/CYCA3;1",2
"GO:0003697","GO:0003697","single-stranded DNA binding","2/30","84/21875",0.00591093218641586,0.0423616806693137,0.0269621468152302,"ATRAD51/ATRPA70D",2
