"","ID","Description","GeneRatio","BgRatio","pvalue","p.adjust","qvalue","geneID","Count"
"GO:0048859","GO:0048859","formation of anatomical boundary","3/26","16/21826",8.31736555832526e-07,7.901497280409e-05,4.85909251039002e-05,"AtMYB117/ANAC031/LOB",3
"GO:0090691","GO:0090691","formation of plant organ boundary","3/26","16/21826",8.31736555832526e-07,7.901497280409e-05,4.85909251039002e-05,"AtMYB117/ANAC031/LOB",3
"GO:0010016","GO:0010016","shoot system morphogenesis","4/26","199/21826",8.56541376841597e-05,0.00406857153999759,0.0025020024428794,"CYP78A5/LAS/ROT3/PTL",4
"GO:0048441","GO:0048441","petal development","2/26","17/21826",0.00018354732821683,0.00581233206019963,0.00357434270738038,"ROT3/PTL",2
"GO:0048465","GO:0048465","corolla development","2/26","17/21826",0.00018354732821683,0.00581233206019963,0.00357434270738038,"ROT3/PTL",2
"GO:0046620","GO:0046620","regulation of organ growth","2/26","19/21826",0.000230445805995009,0.0062549575912931,0.0038465390173603,"CYP78A5/PTL",2
"GO:0048507","GO:0048507","meristem development","4/26","282/21826",0.00032592525552912,0.00774072481881659,0.00476022412680688,"CYP78A5/LAS/MIF1/ANAC031",4
"GO:0035265","GO:0035265","organ growth","2/26","29/21826",0.000543147187049852,0.0114664406154969,0.00705138453362966,"CYP78A5/PTL",2
"GO:0015706","GO:0015706","nitrate transport","2/26","40/21826",0.00103511576501041,0.0178792723047253,0.0109950095613546,"AtNPF1.2/NRT1.12",2
