"","ID","Description","GeneRatio","BgRatio","pvalue","p.adjust","qvalue","geneID","Count"
"GO:0015112","GO:0015112","nitrate transmembrane transporter activity","2/25","27/21809",0.000435085684132566,0.0129774108679429,0.00956230274480005,"AtNPF1.2/NRT1.12",2
"GO:0020037","GO:0020037","heme binding","4/25","370/21809",0.000777647924203889,0.0129774108679429,0.00956230274480005,"CYP86A4/CYP78A5/ATPCB/ROT3",4
"GO:0046906","GO:0046906","tetrapyrrole binding","4/25","393/21809",0.000973305815095719,0.0129774108679429,0.00956230274480005,"CYP86A4/CYP78A5/ATPCB/ROT3",4
