"","ID","Description","GeneRatio","BgRatio","pvalue","p.adjust","qvalue","geneID","Count"
"GO:0099503","GO:0099503","secretory vesicle","2/26","173/25052",0.0138212407216219,0.0414637221648657,0.0290973488876251,"ATHCHIB/ATPCB",2
"GO:0009505","GO:0009505","plant-type cell wall","1/26","235/25052",0.217425969449277,0.267496505894626,0.187716846241843,"ATPCB",1
"GO:0048046","GO:0048046","apoplast","1/26","298/25052",0.267496505894626,0.267496505894626,0.187716846241843,"ATPCB",1
